<?xml version="1.0" encoding="UTF-8" standalone="yes" ?>
<package id="manifest-0-040-b0ac-bcecae">
    <release tarname="msysCORE-1.0.19-1-msys-1.0.19-lic.tar.xz" />
    <references>
        <sysroot id="sysroot-0-011-664d-7cd9c6" />
    </references>
    <manifest>
        <file path="share/doc/MSYS/COPYING" />
        <file path="share/doc/MSYS/COPYING.LIB" />
        <file path="share/doc/MSYS/CYGWIN_LICENSE" />
        <file path="share/doc/MSYS/MSYS_LICENSE.rtf" />
    </manifest>
</package>
