<?xml version="1.0" encoding="UTF-8" standalone="yes" ?>
<package id="manifest-0-040-f33a-4f83ac">
    <release tarname="automake1.6-1.6.3-1-mingw32-bin.tar.lzma" />
    <references>
        <sysroot id="sysroot-0-002-a7c6-d7dbb5" />
    </references>
    <manifest>
        <dir path="bin" />
        <file path="bin/aclocal-1.6" />
        <file path="bin/automake-1.6" />
        <dir path="share/aclocal-1.6" />
        <file path="share/aclocal-1.6/amversion.m4" />
        <file path="share/aclocal-1.6/as.m4" />
        <file path="share/aclocal-1.6/auxdir.m4" />
        <file path="share/aclocal-1.6/ccstdc.m4" />
        <file path="share/aclocal-1.6/cond.m4" />
        <file path="share/aclocal-1.6/depend.m4" />
        <file path="share/aclocal-1.6/depout.m4" />
        <file path="share/aclocal-1.6/dmalloc.m4" />
        <file path="share/aclocal-1.6/gcj.m4" />
        <file path="share/aclocal-1.6/header.m4" />
        <file path="share/aclocal-1.6/init.m4" />
        <file path="share/aclocal-1.6/install-sh.m4" />
        <file path="share/aclocal-1.6/lex.m4" />
        <file path="share/aclocal-1.6/lispdir.m4" />
        <file path="share/aclocal-1.6/maintainer.m4" />
        <file path="share/aclocal-1.6/make.m4" />
        <file path="share/aclocal-1.6/minuso.m4" />
        <file path="share/aclocal-1.6/missing.m4" />
        <file path="share/aclocal-1.6/multi.m4" />
        <file path="share/aclocal-1.6/options.m4" />
        <file path="share/aclocal-1.6/protos.m4" />
        <file path="share/aclocal-1.6/python.m4" />
        <file path="share/aclocal-1.6/regex.m4" />
        <file path="share/aclocal-1.6/runlog.m4" />
        <file path="share/aclocal-1.6/sanity.m4" />
        <file path="share/aclocal-1.6/strip.m4" />
        <file path="share/aclocal-1.6/termios.m4" />
        <file path="share/aclocal-1.6/winsz.m4" />
        <dir path="share/automake-1.6" />
        <file path="share/automake-1.6/acinstall" />
        <dir path="share/automake-1.6/am" />
        <file path="share/automake-1.6/am/ansi2knr.am" />
        <file path="share/automake-1.6/am/check.am" />
        <file path="share/automake-1.6/am/clean-hdr.am" />
        <file path="share/automake-1.6/am/clean.am" />
        <file path="share/automake-1.6/am/compile.am" />
        <file path="share/automake-1.6/am/configure.am" />
        <file path="share/automake-1.6/am/data.am" />
        <file path="share/automake-1.6/am/dejagnu.am" />
        <file path="share/automake-1.6/am/depend.am" />
        <file path="share/automake-1.6/am/depend2.am" />
        <file path="share/automake-1.6/am/distdir.am" />
        <file path="share/automake-1.6/am/footer.am" />
        <file path="share/automake-1.6/am/header-vars.am" />
        <file path="share/automake-1.6/am/header.am" />
        <file path="share/automake-1.6/am/install.am" />
        <file path="share/automake-1.6/am/java.am" />
        <file path="share/automake-1.6/am/lang-compile.am" />
        <file path="share/automake-1.6/am/lex.am" />
        <file path="share/automake-1.6/am/library.am" />
        <file path="share/automake-1.6/am/libs.am" />
        <file path="share/automake-1.6/am/libtool.am" />
        <file path="share/automake-1.6/am/lisp.am" />
        <file path="share/automake-1.6/am/ltlib.am" />
        <file path="share/automake-1.6/am/ltlibrary.am" />
        <file path="share/automake-1.6/am/mans-vars.am" />
        <file path="share/automake-1.6/am/mans.am" />
        <file path="share/automake-1.6/am/multilib.am" />
        <file path="share/automake-1.6/am/program.am" />
        <file path="share/automake-1.6/am/progs.am" />
        <file path="share/automake-1.6/am/python.am" />
        <file path="share/automake-1.6/am/remake-hdr.am" />
        <file path="share/automake-1.6/am/scripts.am" />
        <file path="share/automake-1.6/am/subdirs.am" />
        <file path="share/automake-1.6/am/tags.am" />
        <file path="share/automake-1.6/am/texi-vers.am" />
        <file path="share/automake-1.6/am/texibuild.am" />
        <file path="share/automake-1.6/am/texinfos.am" />
        <file path="share/automake-1.6/am/yacc.am" />
        <file path="share/automake-1.6/ansi2knr.1" />
        <file path="share/automake-1.6/ansi2knr.c" />
        <dir path="share/automake-1.6/Automake" />
        <file path="share/automake-1.6/Automake/General.pm" />
        <file path="share/automake-1.6/Automake/Struct.pm" />
        <file path="share/automake-1.6/Automake/XFile.pm" />
        <file path="share/automake-1.6/compile" />
        <file path="share/automake-1.6/config.guess" />
        <file path="share/automake-1.6/config.sub" />
        <file path="share/automake-1.6/COPYING" />
        <file path="share/automake-1.6/depcomp" />
        <file path="share/automake-1.6/elisp-comp" />
        <file path="share/automake-1.6/INSTALL" />
        <file path="share/automake-1.6/install-sh" />
        <file path="share/automake-1.6/mdate-sh" />
        <file path="share/automake-1.6/missing" />
        <file path="share/automake-1.6/mkinstalldirs" />
        <file path="share/automake-1.6/py-compile" />
        <file path="share/automake-1.6/texinfo.tex" />
        <file path="share/automake-1.6/ylwrap" />
        <dir path="share/aclocal" />
    </manifest>
</package>
