<?xml version="1.0" encoding="UTF-8" standalone="yes" ?>
<package id="manifest-0-031-f3c0-963399">
    <release tarname="w32api-5.0.2-mingw32-dev.tar.xz" />
    <references>
        <sysroot id="sysroot-0-002-a7c6-d7dbb5" />
    </references>
    <manifest>
        <dir path="include" />
        <file path="include/security.h" />
        <file path="include/commctrl.h" />
        <file path="include/setupapi.h" />
        <file path="include/qedit.h" />
        <file path="include/servprov.h" />
        <file path="include/exdispid.h" />
        <file path="include/rpcdce.h" />
        <file path="include/exdisp.h" />
        <file path="include/ksmedia.h" />
        <dir path="include/gdiplus" />
        <file path="include/gdiplus/gdiplusenums.h" />
        <file path="include/gdiplus/gdiplusmatrix.h" />
        <file path="include/gdiplus/gdipluspen.h" />
        <file path="include/gdiplus/gdipluseffects.h" />
        <file path="include/gdiplus/gdiplusimagecodec.h" />
        <file path="include/gdiplus/gdipluspath.h" />
        <file path="include/gdiplus/gdiplusmetaheader.h" />
        <file path="include/gdiplus/gdiplusmem.h" />
        <file path="include/gdiplus/gdiplusstringformat.h" />
        <file path="include/gdiplus/gdiplusgraphics.h" />
        <file path="include/gdiplus/gdipluslinecaps.h" />
        <file path="include/gdiplus/gdiplusgpstubs.h" />
        <file path="include/gdiplus/gdiplustypes.h" />
        <file path="include/gdiplus/gdipluscolor.h" />
        <file path="include/gdiplus/gdiplusheaders.h" />
        <file path="include/gdiplus/gdiplusimaging.h" />
        <file path="include/gdiplus/gdiplusimpl.h" />
        <file path="include/gdiplus/gdiplus.h" />
        <file path="include/gdiplus/gdipluspixelformats.h" />
        <file path="include/gdiplus/gdiplusbrush.h" />
        <file path="include/gdiplus/gdiplusflat.h" />
        <file path="include/gdiplus/gdiplusinit.h" />
        <file path="include/gdiplus/gdiplusbase.h" />
        <file path="include/gdiplus/gdiplusimageattributes.h" />
        <file path="include/gdiplus/gdiplusmetafile.h" />
        <file path="include/gdiplus/gdipluscolormatrix.h" />
        <file path="include/devguid.h" />
        <file path="include/mmreg.h" />
        <file path="include/winver.h" />
        <file path="include/winsock2.h" />
        <file path="include/sspi.h" />
        <file path="include/tmschema.h" />
        <file path="include/ole.h" />
        <file path="include/dbt.h" />
        <file path="include/dshow.h" />
        <file path="include/ws2tcpip.h" />
        <file path="include/winnt.h" />
        <file path="include/shobjidl.h" />
        <file path="include/wincrypt.h" />
        <file path="include/mpegtype.h" />
        <file path="include/vfw.h" />
        <file path="include/lmuse.h" />
        <file path="include/ntdll.h" />
        <file path="include/windows.h" />
        <file path="include/w32api.h" />
        <file path="include/lmmsg.h" />
        <file path="include/dde.h" />
        <file path="include/rpcnterr.h" />
        <file path="include/powrprof.h" />
        <dir path="include/ddk" />
        <file path="include/ddk/winxp.h" />
        <file path="include/ddk/pfhook.h" />
        <file path="include/ddk/ntdd8042.h" />
        <file path="include/ddk/usbuser.h" />
        <file path="include/ddk/hidsdi.h" />
        <file path="include/ddk/ntddpcm.h" />
        <file path="include/ddk/tvout.h" />
        <file path="include/ddk/mountdev.h" />
        <file path="include/ddk/ndis.h" />
        <file path="include/ddk/winddk.h" />
        <file path="include/ddk/ntddtape.h" />
        <file path="include/ddk/mcd.h" />
        <file path="include/ddk/ntddtdi.h" />
        <file path="include/ddk/ntddvol.h" />
        <file path="include/ddk/srb.h" />
        <file path="include/ddk/usbiodef.h" />
        <file path="include/ddk/storport.h" />
        <file path="include/ddk/xfilter.h" />
        <file path="include/ddk/d4drvif.h" />
        <file path="include/ddk/winnt4.h" />
        <file path="include/ddk/ntddstor.h" />
        <file path="include/ddk/atm.h" />
        <file path="include/ddk/miniport.h" />
        <file path="include/ddk/usbscan.h" />
        <file path="include/ddk/usb100.h" />
        <file path="include/ddk/hidpi.h" />
        <file path="include/ddk/netpnp.h" />
        <file path="include/ddk/video.h" />
        <file path="include/ddk/tdi.h" />
        <file path="include/ddk/hidusage.h" />
        <file path="include/ddk/tdistat.h" />
        <file path="include/ddk/ws2san.h" />
        <file path="include/ddk/newdev.h" />
        <file path="include/ddk/scsi.h" />
        <file path="include/ddk/usbdi.h" />
        <file path="include/ddk/minitape.h" />
        <file path="include/ddk/scsiscan.h" />
        <file path="include/ddk/ntifs.h" />
        <file path="include/ddk/usbcamdi.h" />
        <file path="include/ddk/ntddscsi.h" />
        <file path="include/ddk/netevent.h" />
        <file path="include/ddk/ntapi.h" />
        <file path="include/ddk/tdikrnl.h" />
        <file path="include/ddk/ntpoapi.h" />
        <file path="include/ddk/parallel.h" />
        <file path="include/ddk/ntddcdvd.h" />
        <file path="include/ddk/cfg.h" />
        <file path="include/ddk/ddkmapi.h" />
        <file path="include/ddk/kbdmou.h" />
        <file path="include/ddk/ntddpar.h" />
        <file path="include/ddk/videoagp.h" />
        <file path="include/ddk/usbioctl.h" />
        <file path="include/ddk/cfgmgr32.h" />
        <file path="include/ddk/hidclass.h" />
        <file path="include/ddk/ntddser.h" />
        <file path="include/ddk/ntddcdrm.h" />
        <file path="include/ddk/ndisguid.h" />
        <file path="include/ddk/ntddvdeo.h" />
        <file path="include/ddk/tdiinfo.h" />
        <file path="include/ddk/ntddchgr.h" />
        <file path="include/ddk/ntdddisk.h" />
        <file path="include/ddk/batclass.h" />
        <file path="include/ddk/ntstatus.h" />
        <file path="include/ddk/mountmgr.h" />
        <file path="include/ddk/ntddndis.h" />
        <file path="include/ddk/ntddbeep.h" />
        <file path="include/ddk/ntddk.h" />
        <file path="include/ddk/win2k.h" />
        <file path="include/ddk/d4iface.h" />
        <file path="include/ddk/ntddkbd.h" />
        <file path="include/ddk/smbus.h" />
        <file path="include/ddk/ndistapi.h" />
        <file path="include/ddk/ndiswan.h" />
        <file path="include/ddk/ntddmou.h" />
        <file path="include/ddk/winddi.h" />
        <file path="include/ddk/poclass.h" />
        <file path="include/ddk/scsiwmi.h" />
        <file path="include/ddk/usb.h" />
        <file path="include/ddk/upssvc.h" />
        <file path="include/dvdevcod.h" />
        <file path="include/audevcod.h" />
        <file path="include/il21dec.h" />
        <file path="include/lmwksta.h" />
        <file path="include/userenv.h" />
        <file path="include/winperf.h" />
        <file path="include/lmerrlog.h" />
        <file path="include/lmshare.h" />
        <file path="include/basetsd.h" />
        <file path="include/accctrl.h" />
        <file path="include/basetyps.h" />
        <file path="include/ntdsbcli.h" />
        <file path="include/usp10.h" />
        <file path="include/mprapi.h" />
        <file path="include/windns.h" />
        <file path="include/imagehlp.h" />
        <file path="include/winbase.h" />
        <file path="include/lm.h" />
        <file path="include/ws2spi.h" />
        <file path="include/dsquery.h" />
        <file path="include/idispids.h" />
        <file path="include/windef.h" />
        <file path="include/winerror.h" />
        <file path="include/winreg.h" />
        <file path="include/lmuseflg.h" />
        <file path="include/dxerr8.h" />
        <file path="include/objbase.h" />
        <file path="include/wininet.h" />
        <file path="include/lmstats.h" />
        <file path="include/tlhelp32.h" />
        <file path="include/sddl.h" />
        <file path="include/pshpack1.h" />
        <file path="include/winspool.h" />
        <file path="include/rapi.h" />
        <file path="include/rpcproxy.h" />
        <file path="include/lzexpand.h" />
        <file path="include/lmcons.h" />
        <file path="include/afxres.h" />
        <file path="include/strmif.h" />
        <file path="include/schnlsp.h" />
        <file path="include/mq.h" />
        <file path="include/control.h" />
        <file path="include/cderr.h" />
        <file path="include/iptypes.h" />
        <file path="include/lmat.h" />
        <file path="include/snmp.h" />
        <file path="include/cguid.h" />
        <file path="include/lmrepl.h" />
        <file path="include/reason.h" />
        <file path="include/httpext.h" />
        <file path="include/d3d9types.h" />
        <file path="include/lmbrowsr.h" />
        <file path="include/ole2.h" />
        <file path="include/pshpack8.h" />
        <file path="include/lmconfig.h" />
        <file path="include/ipxconst.h" />
        <file path="include/ipifcons.h" />
        <file path="include/commdlg.h" />
        <file path="include/aygshell.h" />
        <file path="include/largeint.h" />
        <file path="include/sqlucode.h" />
        <file path="include/oledlg.h" />
        <file path="include/lmsname.h" />
        <file path="include/ipexport.h" />
        <file path="include/evcode.h" />
        <file path="include/secext.h" />
        <file path="include/_winsock.h" />
        <file path="include/amvideo.h" />
        <file path="include/dxerr9.h" />
        <file path="include/xprtdefs.h" />
        <file path="include/dsrole.h" />
        <file path="include/mmsystem.h" />
        <file path="include/lmserver.h" />
        <file path="include/mgmtapi.h" />
        <file path="include/adsprop.h" />
        <file path="include/winnls.h" />
        <file path="include/ipxrtdef.h" />
        <file path="include/ras.h" />
        <file path="include/winldap.h" />
        <file path="include/wingdi.h" />
        <file path="include/ntdsapi.h" />
        <file path="include/cplext.h" />
        <file path="include/richole.h" />
        <file path="include/nspapi.h" />
        <file path="include/oaidl.h" />
        <file path="include/wsipx.h" />
        <file path="include/objsel.h" />
        <file path="include/zmouse.h" />
        <file path="include/mcx.h" />
        <file path="include/sqlext.h" />
        <file path="include/sqltypes.h" />
        <file path="include/regstr.h" />
        <file path="include/wincon.h" />
        <file path="include/vmr9.h" />
        <file path="include/olectlid.h" />
        <file path="include/subauth.h" />
        <file path="include/mshtml.h" />
        <file path="include/oleauto.h" />
        <file path="include/rasdlg.h" />
        <file path="include/ipxtfflt.h" />
        <file path="include/stm.h" />
        <file path="include/ntsecpkg.h" />
        <file path="include/winber.h" />
        <file path="include/rpc.h" />
        <file path="include/psapi.h" />
        <file path="include/oleidl.h" />
        <file path="include/rpcndr.h" />
        <file path="include/cpl.h" />
        <file path="include/winable.h" />
        <file path="include/svcguid.h" />
        <file path="include/windowsx.h" />
        <file path="include/winsvc.h" />
        <file path="include/winresrc.h" />
        <file path="include/rtutils.h" />
        <file path="include/mgm.h" />
        <file path="include/shellapi.h" />
        <file path="include/cmnquery.h" />
        <file path="include/shlwapi.h" />
        <file path="include/unknwn.h" />
        <file path="include/amaudio.h" />
        <file path="include/d3d9.h" />
        <file path="include/rpcnsi.h" />
        <file path="include/winsnmp.h" />
        <file path="include/intshcut.h" />
        <file path="include/dsclient.h" />
        <file path="include/rpcdcep.h" />
        <file path="include/dvdmedia.h" />
        <file path="include/lmerr.h" />
        <file path="include/raserror.h" />
        <file path="include/initguid.h" />
        <file path="include/routprot.h" />
        <file path="include/nb30.h" />
        <file path="include/dsgetdc.h" />
        <file path="include/ddeml.h" />
        <file path="include/olectl.h" />
        <file path="include/shldisp.h" />
        <file path="include/ipinfoid.h" />
        <file path="include/aclui.h" />
        <file path="include/mlang.h" />
        <file path="include/vptype.h" />
        <file path="include/wsnetbs.h" />
        <file path="include/prsht.h" />
        <file path="include/sdkddkver.h" />
        <file path="include/fltdefs.h" />
        <file path="include/lmchdev.h" />
        <dir path="include/GL" />
        <file path="include/GL/glu.h" />
        <file path="include/GL/gl.h" />
        <file path="include/GL/glext.h" />
        <file path="include/rassapi.h" />
        <file path="include/scrnsave.h" />
        <file path="include/lmalert.h" />
        <file path="include/dlgs.h" />
        <file path="include/gdiplus.h" />
        <file path="include/vidcap.h" />
        <file path="include/pbt.h" />
        <file path="include/lmapibuf.h" />
        <file path="include/shlguid.h" />
        <file path="include/shlobj.h" />
        <file path="include/wtsapi32.h" />
        <file path="include/odbcinst.h" />
        <file path="include/aclapi.h" />
        <file path="include/schannel.h" />
        <file path="include/wsahelp.h" />
        <file path="include/winioctl.h" />
        <file path="include/specstrings.h" />
        <file path="include/mciavi.h" />
        <file path="include/lmremutl.h" />
        <file path="include/comcat.h" />
        <file path="include/pshpack2.h" />
        <file path="include/rpcdce2.h" />
        <file path="include/winsock.h" />
        <file path="include/mapi.h" />
        <file path="include/icm.h" />
        <file path="include/custcntl.h" />
        <file path="include/winuser.h" />
        <file path="include/isguids.h" />
        <file path="include/pshpack4.h" />
        <file path="include/ntdef.h" />
        <file path="include/ntsecapi.h" />
        <file path="include/mswsock.h" />
        <file path="include/dhcpcsdk.h" />
        <file path="include/dsadmin.h" />
        <file path="include/errorrep.h" />
        <file path="include/ks.h" />
        <file path="include/ocidl.h" />
        <file path="include/uxtheme.h" />
        <file path="include/iprtrmib.h" />
        <file path="include/objidl.h" />
        <file path="include/ole2ver.h" />
        <file path="include/docobj.h" />
        <file path="include/winnetwk.h" />
        <file path="include/ntldap.h" />
        <file path="include/edevdefs.h" />
        <file path="include/objfwd.h" />
        <file path="include/wtypes.h" />
        <file path="include/oleacc.h" />
        <file path="include/lmsvc.h" />
        <file path="include/rpcnsip.h" />
        <file path="include/objsafe.h" />
        <file path="include/msacm.h" />
        <file path="include/iphlpapi.h" />
        <file path="include/aviriff.h" />
        <file path="include/sql.h" />
        <file path="include/richedit.h" />
        <file path="include/poppack.h" />
        <file path="include/errors.h" />
        <file path="include/lmaccess.h" />
        <file path="include/imm.h" />
        <file path="include/nddeapi.h" />
        <file path="include/lmaudit.h" />
        <file path="include/bdatypes.h" />
        <file path="include/d3d9caps.h" />
        <dir path="lib" />
        <file path="lib/libd3dim.a" />
        <file path="lib/libapcups.a" />
        <file path="lib/libmscms.a" />
        <file path="lib/libwtsapi32.a" />
        <file path="lib/libimagehlp.a" />
        <file path="lib/libavicap32.a" />
        <file path="lib/librtutils.a" />
        <file path="lib/libolesvr32.a" />
        <file path="lib/libdxerr9.a" />
        <file path="lib/libsetupapi.a" />
        <file path="lib/libodbc32.a" />
        <file path="lib/libthunk32.a" />
        <file path="lib/libicmui.a" />
        <file path="lib/libkernel32.a" />
        <file path="lib/libglaux.a" />
        <file path="lib/libdplayx.a" />
        <file path="lib/libtdi.a" />
        <file path="lib/libwininet.a" />
        <file path="lib/libgdi32.a" />
        <file path="lib/libdxerr8.a" />
        <file path="lib/librpcns4.a" />
        <file path="lib/libusbcamd.a" />
        <file path="lib/libksproxy.a" />
        <file path="lib/liboleacc.a" />
        <file path="lib/libcrypt32.a" />
        <file path="lib/liboledlg.a" />
        <file path="lib/libntdll.a" />
        <file path="lib/liburl.a" />
        <file path="lib/libcap.a" />
        <file path="lib/libusp10.a" />
        <file path="lib/libhid.a" />
        <file path="lib/libmgmtapi.a" />
        <file path="lib/libmqrt.a" />
        <file path="lib/libvdmdbg.a" />
        <file path="lib/libpsapi.a" />
        <file path="lib/libgdiplus.a" />
        <file path="lib/libcomctl32.a" />
        <file path="lib/libglu32.a" />
        <file path="lib/libdxapi.a" />
        <file path="lib/libdxguid.a" />
        <file path="lib/libtapi32.a" />
        <file path="lib/libksuser.a" />
        <file path="lib/libcfgmgr32.a" />
        <file path="lib/libnetapi32.a" />
        <file path="lib/libwin32k.a" />
        <file path="lib/libvideoprt.a" />
        <file path="lib/libscrnsavw.a" />
        <file path="lib/libhidparse.a" />
        <file path="lib/libfaultrep.a" />
        <file path="lib/libwow32.a" />
        <file path="lib/librtm.a" />
        <file path="lib/librpcrt4.a" />
        <file path="lib/libsvrapi.a" />
        <file path="lib/libuxtheme.a" />
        <file path="lib/libole32.a" />
        <file path="lib/libdinput8.a" />
        <file path="lib/liblz32.a" />
        <file path="lib/libavifil32.a" />
        <file path="lib/libdpvoice.a" />
        <file path="lib/liboleaut32.a" />
        <file path="lib/librasdlg.a" />
        <file path="lib/libwinstrm.a" />
        <file path="lib/libwin32spl.a" />
        <file path="lib/libd3dx8d.a" />
        <file path="lib/liblargeint.a" />
        <file path="lib/libd3dx9d.a" />
        <file path="lib/libws2_32.a" />
        <file path="lib/libdnsapi.a" />
        <file path="lib/libctl3d32.a" />
        <file path="lib/libshlwapi.a" />
        <file path="lib/libopengl32.a" />
        <file path="lib/libversion.a" />
        <file path="lib/libdpnaddr.a" />
        <file path="lib/libscsiport.a" />
        <file path="lib/libd3drm.a" />
        <file path="lib/libusbcamd2.a" />
        <file path="lib/librpcdce4.a" />
        <file path="lib/libhal.a" />
        <file path="lib/libd3d9.a" />
        <file path="lib/libimm32.a" />
        <file path="lib/libwsock32.a" />
        <file path="lib/libmsvfw32.a" />
        <file path="lib/libodbccp32.a" />
        <file path="lib/libshfolder.a" />
        <file path="lib/libndis.a" />
        <file path="lib/libmpr.a" />
        <file path="lib/libmsdmo.a" />
        <file path="lib/libd3dxof.a" />
        <file path="lib/librapi.a" />
        <file path="lib/libshell32.a" />
        <file path="lib/libddraw.a" />
        <file path="lib/libd3d8.a" />
        <file path="lib/libmcd.a" />
        <file path="lib/libwinmm.a" />
        <file path="lib/libdmoguids.a" />
        <file path="lib/libmsvcp60.a" />
        <file path="lib/libigmpagnt.a" />
        <file path="lib/libpkpd32.a" />
        <file path="lib/libmfcuia32.a" />
        <file path="lib/libmprapi.a" />
        <file path="lib/libwst.a" />
        <file path="lib/libolecli32.a" />
        <file path="lib/libscrnsave.a" />
        <file path="lib/libaclui.a" />
        <file path="lib/libnewdev.a" />
        <file path="lib/libsecur32.a" />
        <file path="lib/libadvapi32.a" />
        <file path="lib/libntoskrnl.a" />
        <file path="lib/libuserenv.a" />
        <file path="lib/libbthprops.a" />
        <file path="lib/libuser32.a" />
        <file path="lib/libdinput.a" />
        <file path="lib/libstrmiids.a" />
        <file path="lib/libcomdlg32.a" />
        <file path="lib/libmsimg32.a" />
        <file path="lib/libdsound.a" />
        <file path="lib/libwldap32.a" />
        <file path="lib/libwsnmp32.a" />
        <file path="lib/libnddeapi.a" />
        <file path="lib/libwinspool.a" />
        <file path="lib/libvfw32.a" />
        <file path="lib/libiphlpapi.a" />
        <file path="lib/libmswsock.a" />
        <file path="lib/libquartz.a" />
        <file path="lib/libmapi32.a" />
        <file path="lib/libdpnlobby.a" />
        <file path="lib/libmsacm32.a" />
        <file path="lib/libpowrprof.a" />
        <file path="lib/libsnmpapi.a" />
        <file path="lib/libolepro32.a" />
        <file path="lib/libdlcapi.a" />
        <file path="lib/libuuid.a" />
        <file path="lib/libdpnet.a" />
        <file path="lib/libdhcpcsvc.a" />
        <file path="lib/libpenwin32.a" />
        <file path="lib/librasapi32.a" />
        <file path="lib/libdsetup.a" />
    </manifest>
</package>
