<?xml version="1.0" encoding="UTF-8" standalone="yes" ?>
<package id="manifest-0-042-4f96-aa1f33">
    <release tarname="automake1.11-1.11.1-1-mingw32-bin.tar.lzma" />
    <references>
        <sysroot id="sysroot-0-002-a7c6-d7dbb5" />
    </references>
    <manifest>
        <dir path="bin" />
        <file path="bin/aclocal-1.11" />
        <file path="bin/automake-1.11" />
        <dir path="share/aclocal-1.11" />
        <file path="share/aclocal-1.11/amversion.m4" />
        <file path="share/aclocal-1.11/as.m4" />
        <file path="share/aclocal-1.11/auxdir.m4" />
        <file path="share/aclocal-1.11/ccstdc.m4" />
        <file path="share/aclocal-1.11/cond-if.m4" />
        <file path="share/aclocal-1.11/cond.m4" />
        <file path="share/aclocal-1.11/depend.m4" />
        <file path="share/aclocal-1.11/depout.m4" />
        <file path="share/aclocal-1.11/dmalloc.m4" />
        <file path="share/aclocal-1.11/gcj.m4" />
        <file path="share/aclocal-1.11/header.m4" />
        <file path="share/aclocal-1.11/init.m4" />
        <file path="share/aclocal-1.11/install-sh.m4" />
        <file path="share/aclocal-1.11/lead-dot.m4" />
        <file path="share/aclocal-1.11/lex.m4" />
        <file path="share/aclocal-1.11/lispdir.m4" />
        <file path="share/aclocal-1.11/maintainer.m4" />
        <file path="share/aclocal-1.11/make.m4" />
        <file path="share/aclocal-1.11/minuso.m4" />
        <file path="share/aclocal-1.11/missing.m4" />
        <file path="share/aclocal-1.11/mkdirp.m4" />
        <file path="share/aclocal-1.11/multi.m4" />
        <file path="share/aclocal-1.11/obsol-gt.m4" />
        <file path="share/aclocal-1.11/obsol-lt.m4" />
        <file path="share/aclocal-1.11/obsolete.m4" />
        <file path="share/aclocal-1.11/options.m4" />
        <file path="share/aclocal-1.11/protos.m4" />
        <file path="share/aclocal-1.11/python.m4" />
        <file path="share/aclocal-1.11/regex.m4" />
        <file path="share/aclocal-1.11/runlog.m4" />
        <file path="share/aclocal-1.11/sanity.m4" />
        <file path="share/aclocal-1.11/silent.m4" />
        <file path="share/aclocal-1.11/strip.m4" />
        <file path="share/aclocal-1.11/substnot.m4" />
        <file path="share/aclocal-1.11/tar.m4" />
        <file path="share/aclocal-1.11/upc.m4" />
        <file path="share/aclocal-1.11/vala.m4" />
        <dir path="share/automake-1.11" />
        <file path="share/automake-1.11/acinstall" />
        <dir path="share/automake-1.11/am" />
        <file path="share/automake-1.11/am/ansi2knr.am" />
        <file path="share/automake-1.11/am/check.am" />
        <file path="share/automake-1.11/am/check2.am" />
        <file path="share/automake-1.11/am/clean-hdr.am" />
        <file path="share/automake-1.11/am/clean.am" />
        <file path="share/automake-1.11/am/compile.am" />
        <file path="share/automake-1.11/am/configure.am" />
        <file path="share/automake-1.11/am/data.am" />
        <file path="share/automake-1.11/am/dejagnu.am" />
        <file path="share/automake-1.11/am/depend.am" />
        <file path="share/automake-1.11/am/depend2.am" />
        <file path="share/automake-1.11/am/distdir.am" />
        <file path="share/automake-1.11/am/footer.am" />
        <file path="share/automake-1.11/am/header-vars.am" />
        <file path="share/automake-1.11/am/header.am" />
        <file path="share/automake-1.11/am/inst-vars.am" />
        <file path="share/automake-1.11/am/install.am" />
        <file path="share/automake-1.11/am/java.am" />
        <file path="share/automake-1.11/am/lang-compile.am" />
        <file path="share/automake-1.11/am/lex.am" />
        <file path="share/automake-1.11/am/library.am" />
        <file path="share/automake-1.11/am/libs.am" />
        <file path="share/automake-1.11/am/libtool.am" />
        <file path="share/automake-1.11/am/lisp.am" />
        <file path="share/automake-1.11/am/ltlib.am" />
        <file path="share/automake-1.11/am/ltlibrary.am" />
        <file path="share/automake-1.11/am/mans-vars.am" />
        <file path="share/automake-1.11/am/mans.am" />
        <file path="share/automake-1.11/am/multilib.am" />
        <file path="share/automake-1.11/am/program.am" />
        <file path="share/automake-1.11/am/progs.am" />
        <file path="share/automake-1.11/am/python.am" />
        <file path="share/automake-1.11/am/remake-hdr.am" />
        <file path="share/automake-1.11/am/scripts.am" />
        <file path="share/automake-1.11/am/subdirs.am" />
        <file path="share/automake-1.11/am/tags.am" />
        <file path="share/automake-1.11/am/texi-vers.am" />
        <file path="share/automake-1.11/am/texibuild.am" />
        <file path="share/automake-1.11/am/texinfos.am" />
        <file path="share/automake-1.11/am/vala.am" />
        <file path="share/automake-1.11/am/yacc.am" />
        <file path="share/automake-1.11/ansi2knr.1" />
        <file path="share/automake-1.11/ansi2knr.c" />
        <dir path="share/automake-1.11/Automake" />
        <file path="share/automake-1.11/Automake/ChannelDefs.pm" />
        <file path="share/automake-1.11/Automake/Channels.pm" />
        <file path="share/automake-1.11/Automake/Condition.pm" />
        <file path="share/automake-1.11/Automake/Config.pm" />
        <file path="share/automake-1.11/Automake/Configure_ac.pm" />
        <file path="share/automake-1.11/Automake/DisjConditions.pm" />
        <file path="share/automake-1.11/Automake/FileUtils.pm" />
        <file path="share/automake-1.11/Automake/General.pm" />
        <file path="share/automake-1.11/Automake/Item.pm" />
        <file path="share/automake-1.11/Automake/ItemDef.pm" />
        <file path="share/automake-1.11/Automake/Location.pm" />
        <file path="share/automake-1.11/Automake/Options.pm" />
        <file path="share/automake-1.11/Automake/Rule.pm" />
        <file path="share/automake-1.11/Automake/RuleDef.pm" />
        <file path="share/automake-1.11/Automake/Struct.pm" />
        <file path="share/automake-1.11/Automake/VarDef.pm" />
        <file path="share/automake-1.11/Automake/Variable.pm" />
        <file path="share/automake-1.11/Automake/Version.pm" />
        <file path="share/automake-1.11/Automake/Wrap.pm" />
        <file path="share/automake-1.11/Automake/XFile.pm" />
        <file path="share/automake-1.11/compile" />
        <file path="share/automake-1.11/config-ml.in" />
        <file path="share/automake-1.11/config.guess" />
        <file path="share/automake-1.11/config.sub" />
        <file path="share/automake-1.11/COPYING" />
        <file path="share/automake-1.11/depcomp" />
        <file path="share/automake-1.11/elisp-comp" />
        <file path="share/automake-1.11/INSTALL" />
        <file path="share/automake-1.11/install-sh" />
        <file path="share/automake-1.11/mdate-sh" />
        <file path="share/automake-1.11/missing" />
        <file path="share/automake-1.11/mkinstalldirs" />
        <file path="share/automake-1.11/py-compile" />
        <file path="share/automake-1.11/symlink-tree" />
        <file path="share/automake-1.11/texinfo.tex" />
        <file path="share/automake-1.11/ylwrap" />
        <dir path="share/aclocal" />
    </manifest>
</package>
