<?xml version="1.0" encoding="UTF-8" standalone="yes" ?>
<package id="manifest-0-030-c7bc-f49f52">
    <release tarname="gcc-6.3.0-1-mingw32-lic.tar.xz" />
    <references>
        <sysroot id="sysroot-0-002-a7c6-d7dbb5" />
    </references>
    <manifest>
        <file path="share/doc/gcc/6.3.0/COPYING.RUNTIME" />
        <file path="share/doc/gcc/6.3.0/COPYING3" />
        <file path="share/doc/gcc/6.3.0/COPYING.LIB" />
        <file path="share/doc/gcc/6.3.0/COPYING" />
        <file path="share/doc/gcc/6.3.0/COPYING3.LIB" />
        <file path="share/doc/gcc/6.3.0/zlib/LICENSE_1_0.txt" />
    </manifest>
</package>
