<?xml version="1.0" encoding="UTF-8" standalone="yes" ?>
<package id="manifest-0-034-fe01-5ad433">
    <release tarname="vim-7.3-2-msys-1.0.16-bin.tar.lzma" />
    <references>
        <sysroot id="sysroot-0-011-664d-7cd9c6" />
    </references>
    <manifest>
        <dir path="bin" />
        <file path="bin/ex.exe" />
        <file path="bin/rview.exe" />
        <file path="bin/rvim.exe" />
        <file path="bin/view.exe" />
        <file path="bin/vim.exe" />
        <file path="bin/vimdiff.exe" />
        <file path="bin/vimtutor" />
        <file path="bin/xxd.exe" />
        <file path="share/vim/vimrc" />
        <dir path="share/vim/vim73" />
        <dir path="share/vim/vim73/autoload" />
        <file path="share/vim/vim73/autoload/ada.vim" />
        <file path="share/vim/vim73/autoload/adacomplete.vim" />
        <file path="share/vim/vim73/autoload/ccomplete.vim" />
        <file path="share/vim/vim73/autoload/csscomplete.vim" />
        <file path="share/vim/vim73/autoload/decada.vim" />
        <file path="share/vim/vim73/autoload/getscript.vim" />
        <file path="share/vim/vim73/autoload/gnat.vim" />
        <file path="share/vim/vim73/autoload/gzip.vim" />
        <file path="share/vim/vim73/autoload/htmlcomplete.vim" />
        <file path="share/vim/vim73/autoload/javascriptcomplete.vim" />
        <file path="share/vim/vim73/autoload/netrw.vim" />
        <file path="share/vim/vim73/autoload/netrwFileHandlers.vim" />
        <file path="share/vim/vim73/autoload/netrwSettings.vim" />
        <file path="share/vim/vim73/autoload/paste.vim" />
        <file path="share/vim/vim73/autoload/phpcomplete.vim" />
        <file path="share/vim/vim73/autoload/python3complete.vim" />
        <file path="share/vim/vim73/autoload/pythoncomplete.vim" />
        <file path="share/vim/vim73/autoload/README.txt" />
        <file path="share/vim/vim73/autoload/rubycomplete.vim" />
        <file path="share/vim/vim73/autoload/spellfile.vim" />
        <file path="share/vim/vim73/autoload/sqlcomplete.vim" />
        <file path="share/vim/vim73/autoload/syntaxcomplete.vim" />
        <file path="share/vim/vim73/autoload/tar.vim" />
        <file path="share/vim/vim73/autoload/tohtml.vim" />
        <file path="share/vim/vim73/autoload/vimball.vim" />
        <dir path="share/vim/vim73/autoload/xml" />
        <file path="share/vim/vim73/autoload/xml/html32.vim" />
        <file path="share/vim/vim73/autoload/xml/html401f.vim" />
        <file path="share/vim/vim73/autoload/xml/html401s.vim" />
        <file path="share/vim/vim73/autoload/xml/html401t.vim" />
        <file path="share/vim/vim73/autoload/xml/html40f.vim" />
        <file path="share/vim/vim73/autoload/xml/html40s.vim" />
        <file path="share/vim/vim73/autoload/xml/html40t.vim" />
        <file path="share/vim/vim73/autoload/xml/xhtml10f.vim" />
        <file path="share/vim/vim73/autoload/xml/xhtml10s.vim" />
        <file path="share/vim/vim73/autoload/xml/xhtml10t.vim" />
        <file path="share/vim/vim73/autoload/xml/xhtml11.vim" />
        <file path="share/vim/vim73/autoload/xml/xsd.vim" />
        <file path="share/vim/vim73/autoload/xml/xsl.vim" />
        <file path="share/vim/vim73/autoload/xmlcomplete.vim" />
        <file path="share/vim/vim73/autoload/zip.vim" />
        <file path="share/vim/vim73/bugreport.vim" />
        <dir path="share/vim/vim73/colors" />
        <file path="share/vim/vim73/colors/blue.vim" />
        <file path="share/vim/vim73/colors/darkblue.vim" />
        <file path="share/vim/vim73/colors/default.vim" />
        <file path="share/vim/vim73/colors/delek.vim" />
        <file path="share/vim/vim73/colors/desert.vim" />
        <file path="share/vim/vim73/colors/elflord.vim" />
        <file path="share/vim/vim73/colors/evening.vim" />
        <file path="share/vim/vim73/colors/koehler.vim" />
        <file path="share/vim/vim73/colors/morning.vim" />
        <file path="share/vim/vim73/colors/murphy.vim" />
        <file path="share/vim/vim73/colors/pablo.vim" />
        <file path="share/vim/vim73/colors/peachpuff.vim" />
        <file path="share/vim/vim73/colors/README.txt" />
        <file path="share/vim/vim73/colors/ron.vim" />
        <file path="share/vim/vim73/colors/shine.vim" />
        <file path="share/vim/vim73/colors/slate.vim" />
        <file path="share/vim/vim73/colors/torte.vim" />
        <file path="share/vim/vim73/colors/zellner.vim" />
        <dir path="share/vim/vim73/compiler" />
        <file path="share/vim/vim73/compiler/ant.vim" />
        <file path="share/vim/vim73/compiler/bcc.vim" />
        <file path="share/vim/vim73/compiler/bdf.vim" />
        <file path="share/vim/vim73/compiler/checkstyle.vim" />
        <file path="share/vim/vim73/compiler/cs.vim" />
        <file path="share/vim/vim73/compiler/cucumber.vim" />
        <file path="share/vim/vim73/compiler/decada.vim" />
        <file path="share/vim/vim73/compiler/dot.vim" />
        <file path="share/vim/vim73/compiler/eruby.vim" />
        <file path="share/vim/vim73/compiler/fortran_cv.vim" />
        <file path="share/vim/vim73/compiler/fortran_elf90.vim" />
        <file path="share/vim/vim73/compiler/fortran_F.vim" />
        <file path="share/vim/vim73/compiler/fortran_g77.vim" />
        <file path="share/vim/vim73/compiler/fortran_lf95.vim" />
        <file path="share/vim/vim73/compiler/fpc.vim" />
        <file path="share/vim/vim73/compiler/gcc.vim" />
        <file path="share/vim/vim73/compiler/gnat.vim" />
        <file path="share/vim/vim73/compiler/hp_acc.vim" />
        <file path="share/vim/vim73/compiler/icc.vim" />
        <file path="share/vim/vim73/compiler/intel.vim" />
        <file path="share/vim/vim73/compiler/irix5_c.vim" />
        <file path="share/vim/vim73/compiler/irix5_cpp.vim" />
        <file path="share/vim/vim73/compiler/javac.vim" />
        <file path="share/vim/vim73/compiler/jikes.vim" />
        <file path="share/vim/vim73/compiler/mcs.vim" />
        <file path="share/vim/vim73/compiler/mipspro_c89.vim" />
        <file path="share/vim/vim73/compiler/mipspro_cpp.vim" />
        <file path="share/vim/vim73/compiler/mips_c.vim" />
        <file path="share/vim/vim73/compiler/modelsim_vcom.vim" />
        <file path="share/vim/vim73/compiler/msvc.vim" />
        <file path="share/vim/vim73/compiler/neato.vim" />
        <file path="share/vim/vim73/compiler/onsgmls.vim" />
        <file path="share/vim/vim73/compiler/pbx.vim" />
        <file path="share/vim/vim73/compiler/perl.vim" />
        <file path="share/vim/vim73/compiler/php.vim" />
        <file path="share/vim/vim73/compiler/pyunit.vim" />
        <file path="share/vim/vim73/compiler/README.txt" />
        <file path="share/vim/vim73/compiler/rspec.vim" />
        <file path="share/vim/vim73/compiler/rst.vim" />
        <file path="share/vim/vim73/compiler/ruby.vim" />
        <file path="share/vim/vim73/compiler/rubyunit.vim" />
        <file path="share/vim/vim73/compiler/se.vim" />
        <file path="share/vim/vim73/compiler/splint.vim" />
        <file path="share/vim/vim73/compiler/tcl.vim" />
        <file path="share/vim/vim73/compiler/tex.vim" />
        <file path="share/vim/vim73/compiler/tidy.vim" />
        <file path="share/vim/vim73/compiler/xmllint.vim" />
        <file path="share/vim/vim73/compiler/xmlwf.vim" />
        <file path="share/vim/vim73/delmenu.vim" />
        <file path="share/vim/vim73/evim.vim" />
        <file path="share/vim/vim73/filetype.vim" />
        <file path="share/vim/vim73/ftoff.vim" />
        <dir path="share/vim/vim73/ftplugin" />
        <file path="share/vim/vim73/ftplugin/a2ps.vim" />
        <file path="share/vim/vim73/ftplugin/aap.vim" />
        <file path="share/vim/vim73/ftplugin/abaqus.vim" />
        <file path="share/vim/vim73/ftplugin/ada.vim" />
        <file path="share/vim/vim73/ftplugin/alsaconf.vim" />
        <file path="share/vim/vim73/ftplugin/ant.vim" />
        <file path="share/vim/vim73/ftplugin/arch.vim" />
        <file path="share/vim/vim73/ftplugin/art.vim" />
        <file path="share/vim/vim73/ftplugin/aspvbs.vim" />
        <file path="share/vim/vim73/ftplugin/automake.vim" />
        <file path="share/vim/vim73/ftplugin/bdf.vim" />
        <file path="share/vim/vim73/ftplugin/bst.vim" />
        <file path="share/vim/vim73/ftplugin/btm.vim" />
        <file path="share/vim/vim73/ftplugin/c.vim" />
        <file path="share/vim/vim73/ftplugin/calendar.vim" />
        <file path="share/vim/vim73/ftplugin/cdrdaoconf.vim" />
        <file path="share/vim/vim73/ftplugin/ch.vim" />
        <file path="share/vim/vim73/ftplugin/changelog.vim" />
        <file path="share/vim/vim73/ftplugin/cobol.vim" />
        <file path="share/vim/vim73/ftplugin/conf.vim" />
        <file path="share/vim/vim73/ftplugin/config.vim" />
        <file path="share/vim/vim73/ftplugin/context.vim" />
        <file path="share/vim/vim73/ftplugin/cpp.vim" />
        <file path="share/vim/vim73/ftplugin/crm.vim" />
        <file path="share/vim/vim73/ftplugin/cs.vim" />
        <file path="share/vim/vim73/ftplugin/csc.vim" />
        <file path="share/vim/vim73/ftplugin/csh.vim" />
        <file path="share/vim/vim73/ftplugin/css.vim" />
        <file path="share/vim/vim73/ftplugin/cucumber.vim" />
        <file path="share/vim/vim73/ftplugin/cvsrc.vim" />
        <file path="share/vim/vim73/ftplugin/debchangelog.vim" />
        <file path="share/vim/vim73/ftplugin/debcontrol.vim" />
        <file path="share/vim/vim73/ftplugin/denyhosts.vim" />
        <file path="share/vim/vim73/ftplugin/dictconf.vim" />
        <file path="share/vim/vim73/ftplugin/dictdconf.vim" />
        <file path="share/vim/vim73/ftplugin/diff.vim" />
        <file path="share/vim/vim73/ftplugin/dircolors.vim" />
        <file path="share/vim/vim73/ftplugin/docbk.vim" />
        <file path="share/vim/vim73/ftplugin/dosbatch.vim" />
        <file path="share/vim/vim73/ftplugin/dosini.vim" />
        <file path="share/vim/vim73/ftplugin/dtd.vim" />
        <file path="share/vim/vim73/ftplugin/dtrace.vim" />
        <file path="share/vim/vim73/ftplugin/elinks.vim" />
        <file path="share/vim/vim73/ftplugin/eruby.vim" />
        <file path="share/vim/vim73/ftplugin/eterm.vim" />
        <file path="share/vim/vim73/ftplugin/falcon.vim" />
        <file path="share/vim/vim73/ftplugin/fetchmail.vim" />
        <file path="share/vim/vim73/ftplugin/flexwiki.vim" />
        <file path="share/vim/vim73/ftplugin/fortran.vim" />
        <file path="share/vim/vim73/ftplugin/framescript.vim" />
        <file path="share/vim/vim73/ftplugin/fvwm.vim" />
        <file path="share/vim/vim73/ftplugin/git.vim" />
        <file path="share/vim/vim73/ftplugin/gitcommit.vim" />
        <file path="share/vim/vim73/ftplugin/gitconfig.vim" />
        <file path="share/vim/vim73/ftplugin/gitrebase.vim" />
        <file path="share/vim/vim73/ftplugin/gitsendemail.vim" />
        <file path="share/vim/vim73/ftplugin/gpg.vim" />
        <file path="share/vim/vim73/ftplugin/group.vim" />
        <file path="share/vim/vim73/ftplugin/grub.vim" />
        <file path="share/vim/vim73/ftplugin/haml.vim" />
        <file path="share/vim/vim73/ftplugin/hamster.vim" />
        <file path="share/vim/vim73/ftplugin/haskell.vim" />
        <file path="share/vim/vim73/ftplugin/help.vim" />
        <file path="share/vim/vim73/ftplugin/hostconf.vim" />
        <file path="share/vim/vim73/ftplugin/hostsaccess.vim" />
        <file path="share/vim/vim73/ftplugin/html.vim" />
        <file path="share/vim/vim73/ftplugin/htmldjango.vim" />
        <file path="share/vim/vim73/ftplugin/indent.vim" />
        <file path="share/vim/vim73/ftplugin/initex.vim" />
        <file path="share/vim/vim73/ftplugin/ishd.vim" />
        <file path="share/vim/vim73/ftplugin/java.vim" />
        <file path="share/vim/vim73/ftplugin/javascript.vim" />
        <file path="share/vim/vim73/ftplugin/jsp.vim" />
        <file path="share/vim/vim73/ftplugin/kconfig.vim" />
        <file path="share/vim/vim73/ftplugin/kwt.vim" />
        <file path="share/vim/vim73/ftplugin/ld.vim" />
        <file path="share/vim/vim73/ftplugin/lftp.vim" />
        <file path="share/vim/vim73/ftplugin/libao.vim" />
        <file path="share/vim/vim73/ftplugin/limits.vim" />
        <file path="share/vim/vim73/ftplugin/liquid.vim" />
        <file path="share/vim/vim73/ftplugin/lisp.vim" />
        <file path="share/vim/vim73/ftplugin/logcheck.vim" />
        <file path="share/vim/vim73/ftplugin/loginaccess.vim" />
        <file path="share/vim/vim73/ftplugin/logindefs.vim" />
        <file path="share/vim/vim73/ftplugin/logtalk.dict" />
        <file path="share/vim/vim73/ftplugin/logtalk.vim" />
        <file path="share/vim/vim73/ftplugin/lprolog.vim" />
        <file path="share/vim/vim73/ftplugin/lua.vim" />
        <file path="share/vim/vim73/ftplugin/m4.vim" />
        <file path="share/vim/vim73/ftplugin/mail.vim" />
        <file path="share/vim/vim73/ftplugin/mailaliases.vim" />
        <file path="share/vim/vim73/ftplugin/mailcap.vim" />
        <file path="share/vim/vim73/ftplugin/make.vim" />
        <file path="share/vim/vim73/ftplugin/man.vim" />
        <file path="share/vim/vim73/ftplugin/manconf.vim" />
        <file path="share/vim/vim73/ftplugin/markdown.vim" />
        <file path="share/vim/vim73/ftplugin/matlab.vim" />
        <file path="share/vim/vim73/ftplugin/mf.vim" />
        <file path="share/vim/vim73/ftplugin/modconf.vim" />
        <file path="share/vim/vim73/ftplugin/mp.vim" />
        <file path="share/vim/vim73/ftplugin/mplayerconf.vim" />
        <file path="share/vim/vim73/ftplugin/mrxvtrc.vim" />
        <file path="share/vim/vim73/ftplugin/msmessages.vim" />
        <file path="share/vim/vim73/ftplugin/muttrc.vim" />
        <file path="share/vim/vim73/ftplugin/nanorc.vim" />
        <file path="share/vim/vim73/ftplugin/netrc.vim" />
        <file path="share/vim/vim73/ftplugin/nsis.vim" />
        <file path="share/vim/vim73/ftplugin/objc.vim" />
        <file path="share/vim/vim73/ftplugin/ocaml.vim" />
        <file path="share/vim/vim73/ftplugin/occam.vim" />
        <file path="share/vim/vim73/ftplugin/pamconf.vim" />
        <file path="share/vim/vim73/ftplugin/pascal.vim" />
        <file path="share/vim/vim73/ftplugin/passwd.vim" />
        <file path="share/vim/vim73/ftplugin/pdf.vim" />
        <file path="share/vim/vim73/ftplugin/perl.vim" />
        <file path="share/vim/vim73/ftplugin/perl6.vim" />
        <file path="share/vim/vim73/ftplugin/php.vim" />
        <file path="share/vim/vim73/ftplugin/pinfo.vim" />
        <file path="share/vim/vim73/ftplugin/plaintex.vim" />
        <file path="share/vim/vim73/ftplugin/postscr.vim" />
        <file path="share/vim/vim73/ftplugin/procmail.vim" />
        <file path="share/vim/vim73/ftplugin/prolog.vim" />
        <file path="share/vim/vim73/ftplugin/protocols.vim" />
        <file path="share/vim/vim73/ftplugin/pyrex.vim" />
        <file path="share/vim/vim73/ftplugin/python.vim" />
        <file path="share/vim/vim73/ftplugin/qf.vim" />
        <file path="share/vim/vim73/ftplugin/quake.vim" />
        <file path="share/vim/vim73/ftplugin/racc.vim" />
        <file path="share/vim/vim73/ftplugin/readline.vim" />
        <file path="share/vim/vim73/ftplugin/README.txt" />
        <file path="share/vim/vim73/ftplugin/reva.vim" />
        <file path="share/vim/vim73/ftplugin/rnc.vim" />
        <file path="share/vim/vim73/ftplugin/rpl.vim" />
        <file path="share/vim/vim73/ftplugin/rst.vim" />
        <file path="share/vim/vim73/ftplugin/ruby.vim" />
        <file path="share/vim/vim73/ftplugin/sass.vim" />
        <file path="share/vim/vim73/ftplugin/scheme.vim" />
        <file path="share/vim/vim73/ftplugin/screen.vim" />
        <file path="share/vim/vim73/ftplugin/scss.vim" />
        <file path="share/vim/vim73/ftplugin/sensors.vim" />
        <file path="share/vim/vim73/ftplugin/services.vim" />
        <file path="share/vim/vim73/ftplugin/setserial.vim" />
        <file path="share/vim/vim73/ftplugin/sgml.vim" />
        <file path="share/vim/vim73/ftplugin/sh.vim" />
        <file path="share/vim/vim73/ftplugin/sieve.vim" />
        <file path="share/vim/vim73/ftplugin/slpconf.vim" />
        <file path="share/vim/vim73/ftplugin/slpreg.vim" />
        <file path="share/vim/vim73/ftplugin/slpspi.vim" />
        <file path="share/vim/vim73/ftplugin/spec.vim" />
        <file path="share/vim/vim73/ftplugin/sql.vim" />
        <file path="share/vim/vim73/ftplugin/sshconfig.vim" />
        <file path="share/vim/vim73/ftplugin/sudoers.vim" />
        <file path="share/vim/vim73/ftplugin/svg.vim" />
        <file path="share/vim/vim73/ftplugin/sysctl.vim" />
        <file path="share/vim/vim73/ftplugin/tcl.vim" />
        <file path="share/vim/vim73/ftplugin/tcsh.vim" />
        <file path="share/vim/vim73/ftplugin/terminfo.vim" />
        <file path="share/vim/vim73/ftplugin/tex.vim" />
        <file path="share/vim/vim73/ftplugin/udevconf.vim" />
        <file path="share/vim/vim73/ftplugin/udevperm.vim" />
        <file path="share/vim/vim73/ftplugin/udevrules.vim" />
        <file path="share/vim/vim73/ftplugin/updatedb.vim" />
        <file path="share/vim/vim73/ftplugin/vb.vim" />
        <file path="share/vim/vim73/ftplugin/verilog.vim" />
        <file path="share/vim/vim73/ftplugin/vhdl.vim" />
        <file path="share/vim/vim73/ftplugin/vim.vim" />
        <file path="share/vim/vim73/ftplugin/xdefaults.vim" />
        <file path="share/vim/vim73/ftplugin/xf86conf.vim" />
        <file path="share/vim/vim73/ftplugin/xhtml.vim" />
        <file path="share/vim/vim73/ftplugin/xinetd.vim" />
        <file path="share/vim/vim73/ftplugin/xml.vim" />
        <file path="share/vim/vim73/ftplugin/xmodmap.vim" />
        <file path="share/vim/vim73/ftplugin/xs.vim" />
        <file path="share/vim/vim73/ftplugin/xsd.vim" />
        <file path="share/vim/vim73/ftplugin/xslt.vim" />
        <file path="share/vim/vim73/ftplugin/yaml.vim" />
        <file path="share/vim/vim73/ftplugin/zsh.vim" />
        <file path="share/vim/vim73/ftplugin.vim" />
        <file path="share/vim/vim73/ftplugof.vim" />
        <file path="share/vim/vim73/gvimrc_example.vim" />
        <dir path="share/vim/vim73/indent" />
        <file path="share/vim/vim73/indent/aap.vim" />
        <file path="share/vim/vim73/indent/ada.vim" />
        <file path="share/vim/vim73/indent/ant.vim" />
        <file path="share/vim/vim73/indent/automake.vim" />
        <file path="share/vim/vim73/indent/awk.vim" />
        <file path="share/vim/vim73/indent/bib.vim" />
        <file path="share/vim/vim73/indent/bst.vim" />
        <file path="share/vim/vim73/indent/c.vim" />
        <file path="share/vim/vim73/indent/cdl.vim" />
        <file path="share/vim/vim73/indent/ch.vim" />
        <file path="share/vim/vim73/indent/chaiscript.vim" />
        <file path="share/vim/vim73/indent/changelog.vim" />
        <file path="share/vim/vim73/indent/cmake.vim" />
        <file path="share/vim/vim73/indent/cobol.vim" />
        <file path="share/vim/vim73/indent/config.vim" />
        <file path="share/vim/vim73/indent/cpp.vim" />
        <file path="share/vim/vim73/indent/cs.vim" />
        <file path="share/vim/vim73/indent/css.vim" />
        <file path="share/vim/vim73/indent/cucumber.vim" />
        <file path="share/vim/vim73/indent/cuda.vim" />
        <file path="share/vim/vim73/indent/d.vim" />
        <file path="share/vim/vim73/indent/dictconf.vim" />
        <file path="share/vim/vim73/indent/dictdconf.vim" />
        <file path="share/vim/vim73/indent/docbk.vim" />
        <file path="share/vim/vim73/indent/dtd.vim" />
        <file path="share/vim/vim73/indent/dtrace.vim" />
        <file path="share/vim/vim73/indent/dylan.vim" />
        <file path="share/vim/vim73/indent/eiffel.vim" />
        <file path="share/vim/vim73/indent/erlang.vim" />
        <file path="share/vim/vim73/indent/eruby.vim" />
        <file path="share/vim/vim73/indent/eterm.vim" />
        <file path="share/vim/vim73/indent/falcon.vim" />
        <file path="share/vim/vim73/indent/fortran.vim" />
        <file path="share/vim/vim73/indent/framescript.vim" />
        <file path="share/vim/vim73/indent/gitconfig.vim" />
        <file path="share/vim/vim73/indent/haml.vim" />
        <file path="share/vim/vim73/indent/hamster.vim" />
        <file path="share/vim/vim73/indent/html.vim" />
        <file path="share/vim/vim73/indent/htmldjango.vim" />
        <file path="share/vim/vim73/indent/idlang.vim" />
        <file path="share/vim/vim73/indent/ishd.vim" />
        <file path="share/vim/vim73/indent/java.vim" />
        <file path="share/vim/vim73/indent/javascript.vim" />
        <file path="share/vim/vim73/indent/jsp.vim" />
        <file path="share/vim/vim73/indent/ld.vim" />
        <file path="share/vim/vim73/indent/lifelines.vim" />
        <file path="share/vim/vim73/indent/liquid.vim" />
        <file path="share/vim/vim73/indent/lisp.vim" />
        <file path="share/vim/vim73/indent/logtalk.vim" />
        <file path="share/vim/vim73/indent/lua.vim" />
        <file path="share/vim/vim73/indent/mail.vim" />
        <file path="share/vim/vim73/indent/make.vim" />
        <file path="share/vim/vim73/indent/matlab.vim" />
        <file path="share/vim/vim73/indent/mma.vim" />
        <file path="share/vim/vim73/indent/mp.vim" />
        <file path="share/vim/vim73/indent/objc.vim" />
        <file path="share/vim/vim73/indent/ocaml.vim" />
        <file path="share/vim/vim73/indent/occam.vim" />
        <file path="share/vim/vim73/indent/pascal.vim" />
        <file path="share/vim/vim73/indent/perl.vim" />
        <file path="share/vim/vim73/indent/perl6.vim" />
        <file path="share/vim/vim73/indent/php.vim" />
        <file path="share/vim/vim73/indent/postscr.vim" />
        <file path="share/vim/vim73/indent/pov.vim" />
        <file path="share/vim/vim73/indent/prolog.vim" />
        <file path="share/vim/vim73/indent/pyrex.vim" />
        <file path="share/vim/vim73/indent/python.vim" />
        <file path="share/vim/vim73/indent/readline.vim" />
        <file path="share/vim/vim73/indent/README.txt" />
        <file path="share/vim/vim73/indent/rpl.vim" />
        <file path="share/vim/vim73/indent/rst.vim" />
        <file path="share/vim/vim73/indent/ruby.vim" />
        <file path="share/vim/vim73/indent/sass.vim" />
        <file path="share/vim/vim73/indent/scheme.vim" />
        <file path="share/vim/vim73/indent/scss.vim" />
        <file path="share/vim/vim73/indent/sdl.vim" />
        <file path="share/vim/vim73/indent/sh.vim" />
        <file path="share/vim/vim73/indent/sml.vim" />
        <file path="share/vim/vim73/indent/sql.vim" />
        <file path="share/vim/vim73/indent/sqlanywhere.vim" />
        <file path="share/vim/vim73/indent/tcl.vim" />
        <file path="share/vim/vim73/indent/tcsh.vim" />
        <file path="share/vim/vim73/indent/tf.vim" />
        <file path="share/vim/vim73/indent/tilde.vim" />
        <file path="share/vim/vim73/indent/vb.vim" />
        <file path="share/vim/vim73/indent/verilog.vim" />
        <file path="share/vim/vim73/indent/vhdl.vim" />
        <file path="share/vim/vim73/indent/vim.vim" />
        <file path="share/vim/vim73/indent/xf86conf.vim" />
        <file path="share/vim/vim73/indent/xhtml.vim" />
        <file path="share/vim/vim73/indent/xinetd.vim" />
        <file path="share/vim/vim73/indent/xml.vim" />
        <file path="share/vim/vim73/indent/xsd.vim" />
        <file path="share/vim/vim73/indent/xslt.vim" />
        <file path="share/vim/vim73/indent/yacc.vim" />
        <file path="share/vim/vim73/indent/zsh.vim" />
        <file path="share/vim/vim73/indent.vim" />
        <file path="share/vim/vim73/indoff.vim" />
        <dir path="share/vim/vim73/macros" />
        <file path="share/vim/vim73/macros/dvorak" />
        <file path="share/vim/vim73/macros/editexisting.vim" />
        <dir path="share/vim/vim73/macros/hanoi" />
        <file path="share/vim/vim73/macros/hanoi/click.me" />
        <file path="share/vim/vim73/macros/hanoi/hanoi.vim" />
        <file path="share/vim/vim73/macros/hanoi/poster" />
        <file path="share/vim/vim73/macros/justify.vim" />
        <file path="share/vim/vim73/macros/less.sh" />
        <file path="share/vim/vim73/macros/less.vim" />
        <dir path="share/vim/vim73/macros/life" />
        <file path="share/vim/vim73/macros/life/click.me" />
        <file path="share/vim/vim73/macros/life/life.vim" />
        <file path="share/vim/vim73/macros/matchit.txt" />
        <file path="share/vim/vim73/macros/matchit.vim" />
        <dir path="share/vim/vim73/macros/maze" />
        <file path="share/vim/vim73/macros/maze/main.aap" />
        <file path="share/vim/vim73/macros/maze/Makefile" />
        <file path="share/vim/vim73/macros/maze/maze.c" />
        <file path="share/vim/vim73/macros/maze/mazeansi.c" />
        <file path="share/vim/vim73/macros/maze/mazeclean.c" />
        <file path="share/vim/vim73/macros/maze/maze_5.78" />
        <file path="share/vim/vim73/macros/maze/maze_mac" />
        <file path="share/vim/vim73/macros/maze/poster" />
        <file path="share/vim/vim73/macros/maze/README.txt" />
        <file path="share/vim/vim73/macros/README.txt" />
        <file path="share/vim/vim73/macros/shellmenu.vim" />
        <file path="share/vim/vim73/macros/swapmous.vim" />
        <dir path="share/vim/vim73/macros/urm" />
        <file path="share/vim/vim73/macros/urm/examples" />
        <file path="share/vim/vim73/macros/urm/README.txt" />
        <file path="share/vim/vim73/macros/urm/urm" />
        <file path="share/vim/vim73/macros/urm/urm.vim" />
        <file path="share/vim/vim73/menu.vim" />
        <file path="share/vim/vim73/mswin.vim" />
        <file path="share/vim/vim73/optwin.vim" />
        <dir path="share/vim/vim73/plugin" />
        <file path="share/vim/vim73/plugin/getscriptPlugin.vim" />
        <file path="share/vim/vim73/plugin/gzip.vim" />
        <file path="share/vim/vim73/plugin/matchparen.vim" />
        <file path="share/vim/vim73/plugin/netrwPlugin.vim" />
        <file path="share/vim/vim73/plugin/README.txt" />
        <file path="share/vim/vim73/plugin/rrhelper.vim" />
        <file path="share/vim/vim73/plugin/spellfile.vim" />
        <file path="share/vim/vim73/plugin/tarPlugin.vim" />
        <file path="share/vim/vim73/plugin/tohtml.vim" />
        <file path="share/vim/vim73/plugin/vimballPlugin.vim" />
        <file path="share/vim/vim73/plugin/zipPlugin.vim" />
        <dir path="share/vim/vim73/print" />
        <file path="share/vim/vim73/print/ascii.ps" />
        <file path="share/vim/vim73/print/cidfont.ps" />
        <file path="share/vim/vim73/print/cns_roman.ps" />
        <file path="share/vim/vim73/print/cp1250.ps" />
        <file path="share/vim/vim73/print/cp1251.ps" />
        <file path="share/vim/vim73/print/cp1252.ps" />
        <file path="share/vim/vim73/print/cp1253.ps" />
        <file path="share/vim/vim73/print/cp1254.ps" />
        <file path="share/vim/vim73/print/cp1255.ps" />
        <file path="share/vim/vim73/print/cp1257.ps" />
        <file path="share/vim/vim73/print/dec-mcs.ps" />
        <file path="share/vim/vim73/print/ebcdic-uk.ps" />
        <file path="share/vim/vim73/print/gb_roman.ps" />
        <file path="share/vim/vim73/print/hp-roman8.ps" />
        <file path="share/vim/vim73/print/iso-8859-10.ps" />
        <file path="share/vim/vim73/print/iso-8859-11.ps" />
        <file path="share/vim/vim73/print/iso-8859-13.ps" />
        <file path="share/vim/vim73/print/iso-8859-14.ps" />
        <file path="share/vim/vim73/print/iso-8859-15.ps" />
        <file path="share/vim/vim73/print/iso-8859-2.ps" />
        <file path="share/vim/vim73/print/iso-8859-3.ps" />
        <file path="share/vim/vim73/print/iso-8859-4.ps" />
        <file path="share/vim/vim73/print/iso-8859-5.ps" />
        <file path="share/vim/vim73/print/iso-8859-7.ps" />
        <file path="share/vim/vim73/print/iso-8859-8.ps" />
        <file path="share/vim/vim73/print/iso-8859-9.ps" />
        <file path="share/vim/vim73/print/jis_roman.ps" />
        <file path="share/vim/vim73/print/koi8-r.ps" />
        <file path="share/vim/vim73/print/koi8-u.ps" />
        <file path="share/vim/vim73/print/ks_roman.ps" />
        <file path="share/vim/vim73/print/latin1.ps" />
        <file path="share/vim/vim73/print/mac-roman.ps" />
        <file path="share/vim/vim73/print/prolog.ps" />
        <file path="share/vim/vim73/scripts.vim" />
        <dir path="share/vim/vim73/spell" />
        <file path="share/vim/vim73/spell/check_locales.vim" />
        <file path="share/vim/vim73/spell/cleanadd.vim" />
        <file path="share/vim/vim73/spell/en.ascii.spl" />
        <file path="share/vim/vim73/spell/en.ascii.sug" />
        <file path="share/vim/vim73/spell/en.latin1.spl" />
        <file path="share/vim/vim73/spell/en.latin1.sug" />
        <file path="share/vim/vim73/spell/en.utf-8.spl" />
        <file path="share/vim/vim73/spell/en.utf-8.sug" />
        <file path="share/vim/vim73/spell/fixdup.vim" />
        <file path="share/vim/vim73/spell/he.vim" />
        <file path="share/vim/vim73/spell/yi.vim" />
        <file path="share/vim/vim73/synmenu.vim" />
        <dir path="share/vim/vim73/syntax" />
        <file path="share/vim/vim73/syntax/2html.vim" />
        <file path="share/vim/vim73/syntax/a2ps.vim" />
        <file path="share/vim/vim73/syntax/a65.vim" />
        <file path="share/vim/vim73/syntax/aap.vim" />
        <file path="share/vim/vim73/syntax/abap.vim" />
        <file path="share/vim/vim73/syntax/abaqus.vim" />
        <file path="share/vim/vim73/syntax/abc.vim" />
        <file path="share/vim/vim73/syntax/abel.vim" />
        <file path="share/vim/vim73/syntax/acedb.vim" />
        <file path="share/vim/vim73/syntax/ada.vim" />
        <file path="share/vim/vim73/syntax/aflex.vim" />
        <file path="share/vim/vim73/syntax/ahdl.vim" />
        <file path="share/vim/vim73/syntax/alsaconf.vim" />
        <file path="share/vim/vim73/syntax/amiga.vim" />
        <file path="share/vim/vim73/syntax/aml.vim" />
        <file path="share/vim/vim73/syntax/ampl.vim" />
        <file path="share/vim/vim73/syntax/ant.vim" />
        <file path="share/vim/vim73/syntax/antlr.vim" />
        <file path="share/vim/vim73/syntax/apache.vim" />
        <file path="share/vim/vim73/syntax/apachestyle.vim" />
        <file path="share/vim/vim73/syntax/arch.vim" />
        <file path="share/vim/vim73/syntax/art.vim" />
        <file path="share/vim/vim73/syntax/asm.vim" />
        <file path="share/vim/vim73/syntax/asm68k.vim" />
        <file path="share/vim/vim73/syntax/asmh8300.vim" />
        <file path="share/vim/vim73/syntax/asn.vim" />
        <file path="share/vim/vim73/syntax/aspperl.vim" />
        <file path="share/vim/vim73/syntax/aspvbs.vim" />
        <file path="share/vim/vim73/syntax/asterisk.vim" />
        <file path="share/vim/vim73/syntax/asteriskvm.vim" />
        <file path="share/vim/vim73/syntax/atlas.vim" />
        <file path="share/vim/vim73/syntax/autohotkey.vim" />
        <file path="share/vim/vim73/syntax/autoit.vim" />
        <file path="share/vim/vim73/syntax/automake.vim" />
        <file path="share/vim/vim73/syntax/ave.vim" />
        <file path="share/vim/vim73/syntax/awk.vim" />
        <file path="share/vim/vim73/syntax/ayacc.vim" />
        <file path="share/vim/vim73/syntax/b.vim" />
        <file path="share/vim/vim73/syntax/baan.vim" />
        <file path="share/vim/vim73/syntax/basic.vim" />
        <file path="share/vim/vim73/syntax/bc.vim" />
        <file path="share/vim/vim73/syntax/bdf.vim" />
        <file path="share/vim/vim73/syntax/bib.vim" />
        <file path="share/vim/vim73/syntax/bindzone.vim" />
        <file path="share/vim/vim73/syntax/blank.vim" />
        <file path="share/vim/vim73/syntax/bst.vim" />
        <file path="share/vim/vim73/syntax/btm.vim" />
        <file path="share/vim/vim73/syntax/bzr.vim" />
        <file path="share/vim/vim73/syntax/c.vim" />
        <file path="share/vim/vim73/syntax/cabal.vim" />
        <file path="share/vim/vim73/syntax/calendar.vim" />
        <file path="share/vim/vim73/syntax/catalog.vim" />
        <file path="share/vim/vim73/syntax/cdl.vim" />
        <file path="share/vim/vim73/syntax/cdrdaoconf.vim" />
        <file path="share/vim/vim73/syntax/cdrtoc.vim" />
        <file path="share/vim/vim73/syntax/cf.vim" />
        <file path="share/vim/vim73/syntax/cfg.vim" />
        <file path="share/vim/vim73/syntax/ch.vim" />
        <file path="share/vim/vim73/syntax/chaiscript.vim" />
        <file path="share/vim/vim73/syntax/change.vim" />
        <file path="share/vim/vim73/syntax/changelog.vim" />
        <file path="share/vim/vim73/syntax/chaskell.vim" />
        <file path="share/vim/vim73/syntax/cheetah.vim" />
        <file path="share/vim/vim73/syntax/chill.vim" />
        <file path="share/vim/vim73/syntax/chordpro.vim" />
        <file path="share/vim/vim73/syntax/cl.vim" />
        <file path="share/vim/vim73/syntax/clean.vim" />
        <file path="share/vim/vim73/syntax/clipper.vim" />
        <file path="share/vim/vim73/syntax/cmake.vim" />
        <file path="share/vim/vim73/syntax/cmusrc.vim" />
        <file path="share/vim/vim73/syntax/cobol.vim" />
        <file path="share/vim/vim73/syntax/coco.vim" />
        <file path="share/vim/vim73/syntax/colortest.vim" />
        <file path="share/vim/vim73/syntax/conaryrecipe.vim" />
        <file path="share/vim/vim73/syntax/conf.vim" />
        <file path="share/vim/vim73/syntax/config.vim" />
        <file path="share/vim/vim73/syntax/context.vim" />
        <file path="share/vim/vim73/syntax/cpp.vim" />
        <file path="share/vim/vim73/syntax/crm.vim" />
        <file path="share/vim/vim73/syntax/crontab.vim" />
        <file path="share/vim/vim73/syntax/cs.vim" />
        <file path="share/vim/vim73/syntax/csc.vim" />
        <file path="share/vim/vim73/syntax/csh.vim" />
        <file path="share/vim/vim73/syntax/csp.vim" />
        <file path="share/vim/vim73/syntax/css.vim" />
        <file path="share/vim/vim73/syntax/cterm.vim" />
        <file path="share/vim/vim73/syntax/ctrlh.vim" />
        <file path="share/vim/vim73/syntax/cucumber.vim" />
        <file path="share/vim/vim73/syntax/cuda.vim" />
        <file path="share/vim/vim73/syntax/cupl.vim" />
        <file path="share/vim/vim73/syntax/cuplsim.vim" />
        <file path="share/vim/vim73/syntax/cvs.vim" />
        <file path="share/vim/vim73/syntax/cvsrc.vim" />
        <file path="share/vim/vim73/syntax/cweb.vim" />
        <file path="share/vim/vim73/syntax/cynlib.vim" />
        <file path="share/vim/vim73/syntax/cynpp.vim" />
        <file path="share/vim/vim73/syntax/d.vim" />
        <file path="share/vim/vim73/syntax/datascript.vim" />
        <file path="share/vim/vim73/syntax/dcd.vim" />
        <file path="share/vim/vim73/syntax/dcl.vim" />
        <file path="share/vim/vim73/syntax/debchangelog.vim" />
        <file path="share/vim/vim73/syntax/debcontrol.vim" />
        <file path="share/vim/vim73/syntax/debsources.vim" />
        <file path="share/vim/vim73/syntax/def.vim" />
        <file path="share/vim/vim73/syntax/denyhosts.vim" />
        <file path="share/vim/vim73/syntax/desc.vim" />
        <file path="share/vim/vim73/syntax/desktop.vim" />
        <file path="share/vim/vim73/syntax/dictconf.vim" />
        <file path="share/vim/vim73/syntax/dictdconf.vim" />
        <file path="share/vim/vim73/syntax/diff.vim" />
        <file path="share/vim/vim73/syntax/dircolors.vim" />
        <file path="share/vim/vim73/syntax/diva.vim" />
        <file path="share/vim/vim73/syntax/django.vim" />
        <file path="share/vim/vim73/syntax/dns.vim" />
        <file path="share/vim/vim73/syntax/docbk.vim" />
        <file path="share/vim/vim73/syntax/docbksgml.vim" />
        <file path="share/vim/vim73/syntax/docbkxml.vim" />
        <file path="share/vim/vim73/syntax/dosbatch.vim" />
        <file path="share/vim/vim73/syntax/dosini.vim" />
        <file path="share/vim/vim73/syntax/dot.vim" />
        <file path="share/vim/vim73/syntax/doxygen.vim" />
        <file path="share/vim/vim73/syntax/dracula.vim" />
        <file path="share/vim/vim73/syntax/dsl.vim" />
        <file path="share/vim/vim73/syntax/dtd.vim" />
        <file path="share/vim/vim73/syntax/dtml.vim" />
        <file path="share/vim/vim73/syntax/dtrace.vim" />
        <file path="share/vim/vim73/syntax/dylan.vim" />
        <file path="share/vim/vim73/syntax/dylanintr.vim" />
        <file path="share/vim/vim73/syntax/dylanlid.vim" />
        <file path="share/vim/vim73/syntax/ecd.vim" />
        <file path="share/vim/vim73/syntax/edif.vim" />
        <file path="share/vim/vim73/syntax/eiffel.vim" />
        <file path="share/vim/vim73/syntax/elf.vim" />
        <file path="share/vim/vim73/syntax/elinks.vim" />
        <file path="share/vim/vim73/syntax/elmfilt.vim" />
        <file path="share/vim/vim73/syntax/erlang.vim" />
        <file path="share/vim/vim73/syntax/eruby.vim" />
        <file path="share/vim/vim73/syntax/esmtprc.vim" />
        <file path="share/vim/vim73/syntax/esqlc.vim" />
        <file path="share/vim/vim73/syntax/esterel.vim" />
        <file path="share/vim/vim73/syntax/eterm.vim" />
        <file path="share/vim/vim73/syntax/eviews.vim" />
        <file path="share/vim/vim73/syntax/exim.vim" />
        <file path="share/vim/vim73/syntax/expect.vim" />
        <file path="share/vim/vim73/syntax/exports.vim" />
        <file path="share/vim/vim73/syntax/falcon.vim" />
        <file path="share/vim/vim73/syntax/fan.vim" />
        <file path="share/vim/vim73/syntax/fasm.vim" />
        <file path="share/vim/vim73/syntax/fdcc.vim" />
        <file path="share/vim/vim73/syntax/fetchmail.vim" />
        <file path="share/vim/vim73/syntax/fgl.vim" />
        <file path="share/vim/vim73/syntax/flexwiki.vim" />
        <file path="share/vim/vim73/syntax/focexec.vim" />
        <file path="share/vim/vim73/syntax/form.vim" />
        <file path="share/vim/vim73/syntax/forth.vim" />
        <file path="share/vim/vim73/syntax/fortran.vim" />
        <file path="share/vim/vim73/syntax/foxpro.vim" />
        <file path="share/vim/vim73/syntax/framescript.vim" />
        <file path="share/vim/vim73/syntax/freebasic.vim" />
        <file path="share/vim/vim73/syntax/fstab.vim" />
        <file path="share/vim/vim73/syntax/fvwm.vim" />
        <file path="share/vim/vim73/syntax/fvwm2m4.vim" />
        <file path="share/vim/vim73/syntax/gdb.vim" />
        <file path="share/vim/vim73/syntax/gdmo.vim" />
        <file path="share/vim/vim73/syntax/gedcom.vim" />
        <file path="share/vim/vim73/syntax/git.vim" />
        <file path="share/vim/vim73/syntax/gitcommit.vim" />
        <file path="share/vim/vim73/syntax/gitconfig.vim" />
        <file path="share/vim/vim73/syntax/gitrebase.vim" />
        <file path="share/vim/vim73/syntax/gitsendemail.vim" />
        <file path="share/vim/vim73/syntax/gkrellmrc.vim" />
        <file path="share/vim/vim73/syntax/gnuplot.vim" />
        <file path="share/vim/vim73/syntax/gp.vim" />
        <file path="share/vim/vim73/syntax/gpg.vim" />
        <file path="share/vim/vim73/syntax/grads.vim" />
        <file path="share/vim/vim73/syntax/gretl.vim" />
        <file path="share/vim/vim73/syntax/groff.vim" />
        <file path="share/vim/vim73/syntax/groovy.vim" />
        <file path="share/vim/vim73/syntax/group.vim" />
        <file path="share/vim/vim73/syntax/grub.vim" />
        <file path="share/vim/vim73/syntax/gsp.vim" />
        <file path="share/vim/vim73/syntax/gtkrc.vim" />
        <file path="share/vim/vim73/syntax/haml.vim" />
        <file path="share/vim/vim73/syntax/hamster.vim" />
        <file path="share/vim/vim73/syntax/haskell.vim" />
        <file path="share/vim/vim73/syntax/haste.vim" />
        <file path="share/vim/vim73/syntax/hastepreproc.vim" />
        <file path="share/vim/vim73/syntax/hb.vim" />
        <file path="share/vim/vim73/syntax/help.vim" />
        <file path="share/vim/vim73/syntax/hercules.vim" />
        <file path="share/vim/vim73/syntax/hex.vim" />
        <file path="share/vim/vim73/syntax/hitest.vim" />
        <file path="share/vim/vim73/syntax/hog.vim" />
        <file path="share/vim/vim73/syntax/hostconf.vim" />
        <file path="share/vim/vim73/syntax/html.vim" />
        <file path="share/vim/vim73/syntax/htmlcheetah.vim" />
        <file path="share/vim/vim73/syntax/htmldjango.vim" />
        <file path="share/vim/vim73/syntax/htmlm4.vim" />
        <file path="share/vim/vim73/syntax/htmlos.vim" />
        <file path="share/vim/vim73/syntax/ia64.vim" />
        <file path="share/vim/vim73/syntax/ibasic.vim" />
        <file path="share/vim/vim73/syntax/icemenu.vim" />
        <file path="share/vim/vim73/syntax/icon.vim" />
        <file path="share/vim/vim73/syntax/idl.vim" />
        <file path="share/vim/vim73/syntax/idlang.vim" />
        <file path="share/vim/vim73/syntax/indent.vim" />
        <file path="share/vim/vim73/syntax/inform.vim" />
        <file path="share/vim/vim73/syntax/initex.vim" />
        <file path="share/vim/vim73/syntax/initng.vim" />
        <file path="share/vim/vim73/syntax/inittab.vim" />
        <file path="share/vim/vim73/syntax/ipfilter.vim" />
        <file path="share/vim/vim73/syntax/ishd.vim" />
        <file path="share/vim/vim73/syntax/iss.vim" />
        <file path="share/vim/vim73/syntax/ist.vim" />
        <file path="share/vim/vim73/syntax/jal.vim" />
        <file path="share/vim/vim73/syntax/jam.vim" />
        <file path="share/vim/vim73/syntax/jargon.vim" />
        <file path="share/vim/vim73/syntax/java.vim" />
        <file path="share/vim/vim73/syntax/javacc.vim" />
        <file path="share/vim/vim73/syntax/javascript.vim" />
        <file path="share/vim/vim73/syntax/jess.vim" />
        <file path="share/vim/vim73/syntax/jgraph.vim" />
        <file path="share/vim/vim73/syntax/jproperties.vim" />
        <file path="share/vim/vim73/syntax/jsp.vim" />
        <file path="share/vim/vim73/syntax/kconfig.vim" />
        <file path="share/vim/vim73/syntax/kix.vim" />
        <file path="share/vim/vim73/syntax/kscript.vim" />
        <file path="share/vim/vim73/syntax/kwt.vim" />
        <file path="share/vim/vim73/syntax/lace.vim" />
        <file path="share/vim/vim73/syntax/latte.vim" />
        <file path="share/vim/vim73/syntax/ld.vim" />
        <file path="share/vim/vim73/syntax/ldapconf.vim" />
        <file path="share/vim/vim73/syntax/ldif.vim" />
        <file path="share/vim/vim73/syntax/lex.vim" />
        <file path="share/vim/vim73/syntax/lftp.vim" />
        <file path="share/vim/vim73/syntax/lhaskell.vim" />
        <file path="share/vim/vim73/syntax/libao.vim" />
        <file path="share/vim/vim73/syntax/lifelines.vim" />
        <file path="share/vim/vim73/syntax/lilo.vim" />
        <file path="share/vim/vim73/syntax/limits.vim" />
        <file path="share/vim/vim73/syntax/liquid.vim" />
        <file path="share/vim/vim73/syntax/lisp.vim" />
        <file path="share/vim/vim73/syntax/lite.vim" />
        <file path="share/vim/vim73/syntax/litestep.vim" />
        <file path="share/vim/vim73/syntax/loginaccess.vim" />
        <file path="share/vim/vim73/syntax/logindefs.vim" />
        <file path="share/vim/vim73/syntax/logtalk.vim" />
        <file path="share/vim/vim73/syntax/lotos.vim" />
        <file path="share/vim/vim73/syntax/lout.vim" />
        <file path="share/vim/vim73/syntax/lpc.vim" />
        <file path="share/vim/vim73/syntax/lprolog.vim" />
        <file path="share/vim/vim73/syntax/lscript.vim" />
        <file path="share/vim/vim73/syntax/lsl.vim" />
        <file path="share/vim/vim73/syntax/lss.vim" />
        <file path="share/vim/vim73/syntax/lua.vim" />
        <file path="share/vim/vim73/syntax/lynx.vim" />
        <file path="share/vim/vim73/syntax/m4.vim" />
        <file path="share/vim/vim73/syntax/mail.vim" />
        <file path="share/vim/vim73/syntax/mailaliases.vim" />
        <file path="share/vim/vim73/syntax/mailcap.vim" />
        <file path="share/vim/vim73/syntax/make.vim" />
        <file path="share/vim/vim73/syntax/man.vim" />
        <file path="share/vim/vim73/syntax/manconf.vim" />
        <file path="share/vim/vim73/syntax/manual.vim" />
        <file path="share/vim/vim73/syntax/maple.vim" />
        <file path="share/vim/vim73/syntax/markdown.vim" />
        <file path="share/vim/vim73/syntax/masm.vim" />
        <file path="share/vim/vim73/syntax/mason.vim" />
        <file path="share/vim/vim73/syntax/master.vim" />
        <file path="share/vim/vim73/syntax/matlab.vim" />
        <file path="share/vim/vim73/syntax/maxima.vim" />
        <file path="share/vim/vim73/syntax/mel.vim" />
        <file path="share/vim/vim73/syntax/messages.vim" />
        <file path="share/vim/vim73/syntax/mf.vim" />
        <file path="share/vim/vim73/syntax/mgl.vim" />
        <file path="share/vim/vim73/syntax/mgp.vim" />
        <file path="share/vim/vim73/syntax/mib.vim" />
        <file path="share/vim/vim73/syntax/mma.vim" />
        <file path="share/vim/vim73/syntax/mmix.vim" />
        <file path="share/vim/vim73/syntax/mmp.vim" />
        <file path="share/vim/vim73/syntax/modconf.vim" />
        <file path="share/vim/vim73/syntax/model.vim" />
        <file path="share/vim/vim73/syntax/modsim3.vim" />
        <file path="share/vim/vim73/syntax/modula2.vim" />
        <file path="share/vim/vim73/syntax/modula3.vim" />
        <file path="share/vim/vim73/syntax/monk.vim" />
        <file path="share/vim/vim73/syntax/moo.vim" />
        <file path="share/vim/vim73/syntax/mp.vim" />
        <file path="share/vim/vim73/syntax/mplayerconf.vim" />
        <file path="share/vim/vim73/syntax/mrxvtrc.vim" />
        <file path="share/vim/vim73/syntax/msidl.vim" />
        <file path="share/vim/vim73/syntax/msmessages.vim" />
        <file path="share/vim/vim73/syntax/msql.vim" />
        <file path="share/vim/vim73/syntax/mupad.vim" />
        <file path="share/vim/vim73/syntax/mush.vim" />
        <file path="share/vim/vim73/syntax/muttrc.vim" />
        <file path="share/vim/vim73/syntax/mysql.vim" />
        <file path="share/vim/vim73/syntax/named.vim" />
        <file path="share/vim/vim73/syntax/nanorc.vim" />
        <file path="share/vim/vim73/syntax/nasm.vim" />
        <file path="share/vim/vim73/syntax/nastran.vim" />
        <file path="share/vim/vim73/syntax/natural.vim" />
        <file path="share/vim/vim73/syntax/ncf.vim" />
        <file path="share/vim/vim73/syntax/netrc.vim" />
        <file path="share/vim/vim73/syntax/netrw.vim" />
        <file path="share/vim/vim73/syntax/nosyntax.vim" />
        <file path="share/vim/vim73/syntax/nqc.vim" />
        <file path="share/vim/vim73/syntax/nroff.vim" />
        <file path="share/vim/vim73/syntax/nsis.vim" />
        <file path="share/vim/vim73/syntax/obj.vim" />
        <file path="share/vim/vim73/syntax/objc.vim" />
        <file path="share/vim/vim73/syntax/objcpp.vim" />
        <file path="share/vim/vim73/syntax/ocaml.vim" />
        <file path="share/vim/vim73/syntax/occam.vim" />
        <file path="share/vim/vim73/syntax/omnimark.vim" />
        <file path="share/vim/vim73/syntax/openroad.vim" />
        <file path="share/vim/vim73/syntax/opl.vim" />
        <file path="share/vim/vim73/syntax/ora.vim" />
        <file path="share/vim/vim73/syntax/pamconf.vim" />
        <file path="share/vim/vim73/syntax/papp.vim" />
        <file path="share/vim/vim73/syntax/pascal.vim" />
        <file path="share/vim/vim73/syntax/passwd.vim" />
        <file path="share/vim/vim73/syntax/pcap.vim" />
        <file path="share/vim/vim73/syntax/pccts.vim" />
        <file path="share/vim/vim73/syntax/pdf.vim" />
        <file path="share/vim/vim73/syntax/perl.vim" />
        <file path="share/vim/vim73/syntax/perl6.vim" />
        <file path="share/vim/vim73/syntax/pf.vim" />
        <file path="share/vim/vim73/syntax/pfmain.vim" />
        <file path="share/vim/vim73/syntax/php.vim" />
        <file path="share/vim/vim73/syntax/phtml.vim" />
        <file path="share/vim/vim73/syntax/pic.vim" />
        <file path="share/vim/vim73/syntax/pike.vim" />
        <file path="share/vim/vim73/syntax/pilrc.vim" />
        <file path="share/vim/vim73/syntax/pine.vim" />
        <file path="share/vim/vim73/syntax/pinfo.vim" />
        <file path="share/vim/vim73/syntax/plaintex.vim" />
        <file path="share/vim/vim73/syntax/plm.vim" />
        <file path="share/vim/vim73/syntax/plp.vim" />
        <file path="share/vim/vim73/syntax/plsql.vim" />
        <file path="share/vim/vim73/syntax/po.vim" />
        <file path="share/vim/vim73/syntax/pod.vim" />
        <file path="share/vim/vim73/syntax/postscr.vim" />
        <file path="share/vim/vim73/syntax/pov.vim" />
        <file path="share/vim/vim73/syntax/povini.vim" />
        <file path="share/vim/vim73/syntax/ppd.vim" />
        <file path="share/vim/vim73/syntax/ppwiz.vim" />
        <file path="share/vim/vim73/syntax/prescribe.vim" />
        <file path="share/vim/vim73/syntax/privoxy.vim" />
        <file path="share/vim/vim73/syntax/procmail.vim" />
        <file path="share/vim/vim73/syntax/progress.vim" />
        <file path="share/vim/vim73/syntax/prolog.vim" />
        <file path="share/vim/vim73/syntax/promela.vim" />
        <file path="share/vim/vim73/syntax/protocols.vim" />
        <file path="share/vim/vim73/syntax/psf.vim" />
        <file path="share/vim/vim73/syntax/ptcap.vim" />
        <file path="share/vim/vim73/syntax/purifylog.vim" />
        <file path="share/vim/vim73/syntax/pyrex.vim" />
        <file path="share/vim/vim73/syntax/python.vim" />
        <file path="share/vim/vim73/syntax/qf.vim" />
        <file path="share/vim/vim73/syntax/quake.vim" />
        <file path="share/vim/vim73/syntax/r.vim" />
        <file path="share/vim/vim73/syntax/racc.vim" />
        <file path="share/vim/vim73/syntax/radiance.vim" />
        <file path="share/vim/vim73/syntax/ratpoison.vim" />
        <file path="share/vim/vim73/syntax/rc.vim" />
        <file path="share/vim/vim73/syntax/rcs.vim" />
        <file path="share/vim/vim73/syntax/rcslog.vim" />
        <file path="share/vim/vim73/syntax/readline.vim" />
        <file path="share/vim/vim73/syntax/README.txt" />
        <file path="share/vim/vim73/syntax/rebol.vim" />
        <file path="share/vim/vim73/syntax/registry.vim" />
        <file path="share/vim/vim73/syntax/remind.vim" />
        <file path="share/vim/vim73/syntax/resolv.vim" />
        <file path="share/vim/vim73/syntax/reva.vim" />
        <file path="share/vim/vim73/syntax/rexx.vim" />
        <file path="share/vim/vim73/syntax/rhelp.vim" />
        <file path="share/vim/vim73/syntax/rib.vim" />
        <file path="share/vim/vim73/syntax/rnc.vim" />
        <file path="share/vim/vim73/syntax/rnoweb.vim" />
        <file path="share/vim/vim73/syntax/robots.vim" />
        <file path="share/vim/vim73/syntax/rpcgen.vim" />
        <file path="share/vim/vim73/syntax/rpl.vim" />
        <file path="share/vim/vim73/syntax/rst.vim" />
        <file path="share/vim/vim73/syntax/rtf.vim" />
        <file path="share/vim/vim73/syntax/ruby.vim" />
        <file path="share/vim/vim73/syntax/samba.vim" />
        <file path="share/vim/vim73/syntax/sas.vim" />
        <file path="share/vim/vim73/syntax/sass.vim" />
        <file path="share/vim/vim73/syntax/sather.vim" />
        <file path="share/vim/vim73/syntax/scheme.vim" />
        <file path="share/vim/vim73/syntax/scilab.vim" />
        <file path="share/vim/vim73/syntax/screen.vim" />
        <file path="share/vim/vim73/syntax/scss.vim" />
        <file path="share/vim/vim73/syntax/sd.vim" />
        <file path="share/vim/vim73/syntax/sdc.vim" />
        <file path="share/vim/vim73/syntax/sdl.vim" />
        <file path="share/vim/vim73/syntax/sed.vim" />
        <file path="share/vim/vim73/syntax/sendpr.vim" />
        <file path="share/vim/vim73/syntax/sensors.vim" />
        <file path="share/vim/vim73/syntax/services.vim" />
        <file path="share/vim/vim73/syntax/setserial.vim" />
        <file path="share/vim/vim73/syntax/sgml.vim" />
        <file path="share/vim/vim73/syntax/sgmldecl.vim" />
        <file path="share/vim/vim73/syntax/sgmllnx.vim" />
        <file path="share/vim/vim73/syntax/sh.vim" />
        <file path="share/vim/vim73/syntax/sicad.vim" />
        <file path="share/vim/vim73/syntax/sieve.vim" />
        <file path="share/vim/vim73/syntax/simula.vim" />
        <file path="share/vim/vim73/syntax/sinda.vim" />
        <file path="share/vim/vim73/syntax/sindacmp.vim" />
        <file path="share/vim/vim73/syntax/sindaout.vim" />
        <file path="share/vim/vim73/syntax/sisu.vim" />
        <file path="share/vim/vim73/syntax/skill.vim" />
        <file path="share/vim/vim73/syntax/sl.vim" />
        <file path="share/vim/vim73/syntax/slang.vim" />
        <file path="share/vim/vim73/syntax/slice.vim" />
        <file path="share/vim/vim73/syntax/slpconf.vim" />
        <file path="share/vim/vim73/syntax/slpreg.vim" />
        <file path="share/vim/vim73/syntax/slpspi.vim" />
        <file path="share/vim/vim73/syntax/slrnrc.vim" />
        <file path="share/vim/vim73/syntax/slrnsc.vim" />
        <file path="share/vim/vim73/syntax/sm.vim" />
        <file path="share/vim/vim73/syntax/smarty.vim" />
        <file path="share/vim/vim73/syntax/smcl.vim" />
        <file path="share/vim/vim73/syntax/smil.vim" />
        <file path="share/vim/vim73/syntax/smith.vim" />
        <file path="share/vim/vim73/syntax/sml.vim" />
        <file path="share/vim/vim73/syntax/snnsnet.vim" />
        <file path="share/vim/vim73/syntax/snnspat.vim" />
        <file path="share/vim/vim73/syntax/snnsres.vim" />
        <file path="share/vim/vim73/syntax/snobol4.vim" />
        <file path="share/vim/vim73/syntax/spec.vim" />
        <file path="share/vim/vim73/syntax/specman.vim" />
        <file path="share/vim/vim73/syntax/spice.vim" />
        <file path="share/vim/vim73/syntax/splint.vim" />
        <file path="share/vim/vim73/syntax/spup.vim" />
        <file path="share/vim/vim73/syntax/spyce.vim" />
        <file path="share/vim/vim73/syntax/sql.vim" />
        <file path="share/vim/vim73/syntax/sqlanywhere.vim" />
        <file path="share/vim/vim73/syntax/sqlforms.vim" />
        <file path="share/vim/vim73/syntax/sqlinformix.vim" />
        <file path="share/vim/vim73/syntax/sqlj.vim" />
        <file path="share/vim/vim73/syntax/sqloracle.vim" />
        <file path="share/vim/vim73/syntax/sqr.vim" />
        <file path="share/vim/vim73/syntax/squid.vim" />
        <file path="share/vim/vim73/syntax/sshconfig.vim" />
        <file path="share/vim/vim73/syntax/sshdconfig.vim" />
        <file path="share/vim/vim73/syntax/st.vim" />
        <file path="share/vim/vim73/syntax/stata.vim" />
        <file path="share/vim/vim73/syntax/stp.vim" />
        <file path="share/vim/vim73/syntax/strace.vim" />
        <file path="share/vim/vim73/syntax/sudoers.vim" />
        <file path="share/vim/vim73/syntax/svg.vim" />
        <file path="share/vim/vim73/syntax/svn.vim" />
        <file path="share/vim/vim73/syntax/syncolor.vim" />
        <file path="share/vim/vim73/syntax/synload.vim" />
        <file path="share/vim/vim73/syntax/syntax.vim" />
        <file path="share/vim/vim73/syntax/sysctl.vim" />
        <file path="share/vim/vim73/syntax/tads.vim" />
        <file path="share/vim/vim73/syntax/tags.vim" />
        <file path="share/vim/vim73/syntax/tak.vim" />
        <file path="share/vim/vim73/syntax/takcmp.vim" />
        <file path="share/vim/vim73/syntax/takout.vim" />
        <file path="share/vim/vim73/syntax/tar.vim" />
        <file path="share/vim/vim73/syntax/taskdata.vim" />
        <file path="share/vim/vim73/syntax/taskedit.vim" />
        <file path="share/vim/vim73/syntax/tasm.vim" />
        <file path="share/vim/vim73/syntax/tcl.vim" />
        <file path="share/vim/vim73/syntax/tcsh.vim" />
        <file path="share/vim/vim73/syntax/terminfo.vim" />
        <file path="share/vim/vim73/syntax/tex.vim" />
        <file path="share/vim/vim73/syntax/texinfo.vim" />
        <file path="share/vim/vim73/syntax/texmf.vim" />
        <file path="share/vim/vim73/syntax/tf.vim" />
        <file path="share/vim/vim73/syntax/tidy.vim" />
        <file path="share/vim/vim73/syntax/tilde.vim" />
        <file path="share/vim/vim73/syntax/tli.vim" />
        <file path="share/vim/vim73/syntax/tpp.vim" />
        <file path="share/vim/vim73/syntax/trasys.vim" />
        <file path="share/vim/vim73/syntax/trustees.vim" />
        <file path="share/vim/vim73/syntax/tsalt.vim" />
        <file path="share/vim/vim73/syntax/tsscl.vim" />
        <file path="share/vim/vim73/syntax/tssgm.vim" />
        <file path="share/vim/vim73/syntax/tssop.vim" />
        <file path="share/vim/vim73/syntax/uc.vim" />
        <file path="share/vim/vim73/syntax/udevconf.vim" />
        <file path="share/vim/vim73/syntax/udevperm.vim" />
        <file path="share/vim/vim73/syntax/udevrules.vim" />
        <file path="share/vim/vim73/syntax/uil.vim" />
        <file path="share/vim/vim73/syntax/updatedb.vim" />
        <file path="share/vim/vim73/syntax/valgrind.vim" />
        <file path="share/vim/vim73/syntax/vb.vim" />
        <file path="share/vim/vim73/syntax/vera.vim" />
        <file path="share/vim/vim73/syntax/verilog.vim" />
        <file path="share/vim/vim73/syntax/verilogams.vim" />
        <file path="share/vim/vim73/syntax/vgrindefs.vim" />
        <file path="share/vim/vim73/syntax/vhdl.vim" />
        <file path="share/vim/vim73/syntax/vim.vim" />
        <file path="share/vim/vim73/syntax/viminfo.vim" />
        <file path="share/vim/vim73/syntax/virata.vim" />
        <file path="share/vim/vim73/syntax/vmasm.vim" />
        <file path="share/vim/vim73/syntax/voscm.vim" />
        <file path="share/vim/vim73/syntax/vrml.vim" />
        <file path="share/vim/vim73/syntax/vsejcl.vim" />
        <file path="share/vim/vim73/syntax/wdiff.vim" />
        <file path="share/vim/vim73/syntax/web.vim" />
        <file path="share/vim/vim73/syntax/webmacro.vim" />
        <file path="share/vim/vim73/syntax/wget.vim" />
        <file path="share/vim/vim73/syntax/whitespace.vim" />
        <file path="share/vim/vim73/syntax/winbatch.vim" />
        <file path="share/vim/vim73/syntax/wml.vim" />
        <file path="share/vim/vim73/syntax/wsh.vim" />
        <file path="share/vim/vim73/syntax/wsml.vim" />
        <file path="share/vim/vim73/syntax/wvdial.vim" />
        <file path="share/vim/vim73/syntax/xbl.vim" />
        <file path="share/vim/vim73/syntax/xdefaults.vim" />
        <file path="share/vim/vim73/syntax/xf86conf.vim" />
        <file path="share/vim/vim73/syntax/xhtml.vim" />
        <file path="share/vim/vim73/syntax/xinetd.vim" />
        <file path="share/vim/vim73/syntax/xkb.vim" />
        <file path="share/vim/vim73/syntax/xmath.vim" />
        <file path="share/vim/vim73/syntax/xml.vim" />
        <file path="share/vim/vim73/syntax/xmodmap.vim" />
        <file path="share/vim/vim73/syntax/xpm.vim" />
        <file path="share/vim/vim73/syntax/xpm2.vim" />
        <file path="share/vim/vim73/syntax/xquery.vim" />
        <file path="share/vim/vim73/syntax/xs.vim" />
        <file path="share/vim/vim73/syntax/xsd.vim" />
        <file path="share/vim/vim73/syntax/xslt.vim" />
        <file path="share/vim/vim73/syntax/xxd.vim" />
        <file path="share/vim/vim73/syntax/yacc.vim" />
        <file path="share/vim/vim73/syntax/yaml.vim" />
        <file path="share/vim/vim73/syntax/z8a.vim" />
        <file path="share/vim/vim73/syntax/zsh.vim" />
        <dir path="share/vim/vim73/tools" />
        <file path="share/vim/vim73/tools/blink.c" />
        <file path="share/vim/vim73/tools/ccfilter.1" />
        <file path="share/vim/vim73/tools/ccfilter.c" />
        <file path="share/vim/vim73/tools/ccfilter_README.txt" />
        <file path="share/vim/vim73/tools/efm_filter.pl" />
        <file path="share/vim/vim73/tools/efm_filter.txt" />
        <file path="share/vim/vim73/tools/efm_perl.pl" />
        <file path="share/vim/vim73/tools/mve.awk" />
        <file path="share/vim/vim73/tools/mve.txt" />
        <file path="share/vim/vim73/tools/pltags.pl" />
        <file path="share/vim/vim73/tools/README.txt" />
        <file path="share/vim/vim73/tools/ref" />
        <file path="share/vim/vim73/tools/shtags.1" />
        <file path="share/vim/vim73/tools/shtags.pl" />
        <file path="share/vim/vim73/tools/unicode.vim" />
        <file path="share/vim/vim73/tools/vim132" />
        <file path="share/vim/vim73/tools/vimm" />
        <file path="share/vim/vim73/tools/vimspell.sh" />
        <file path="share/vim/vim73/tools/vimspell.txt" />
        <file path="share/vim/vim73/tools/vim_vs_net.cmd" />
        <file path="share/vim/vim73/tools/xcmdsrv_client.c" />
        <dir path="share/vim/vim73/tutor" />
        <file path="share/vim/vim73/tutor/README.el.cp737.txt" />
        <file path="share/vim/vim73/tutor/README.el.txt" />
        <file path="share/vim/vim73/tutor/README.txt" />
        <file path="share/vim/vim73/tutor/tutor" />
        <file path="share/vim/vim73/tutor/tutor.bj" />
        <file path="share/vim/vim73/tutor/tutor.bj.utf-8" />
        <file path="share/vim/vim73/tutor/tutor.ca" />
        <file path="share/vim/vim73/tutor/tutor.ca.utf-8" />
        <file path="share/vim/vim73/tutor/tutor.cs" />
        <file path="share/vim/vim73/tutor/tutor.cs.cp1250" />
        <file path="share/vim/vim73/tutor/tutor.cs.utf-8" />
        <file path="share/vim/vim73/tutor/tutor.de" />
        <file path="share/vim/vim73/tutor/tutor.de.utf-8" />
        <file path="share/vim/vim73/tutor/tutor.el" />
        <file path="share/vim/vim73/tutor/tutor.el.cp737" />
        <file path="share/vim/vim73/tutor/tutor.el.utf-8" />
        <file path="share/vim/vim73/tutor/tutor.eo" />
        <file path="share/vim/vim73/tutor/tutor.eo.utf-8" />
        <file path="share/vim/vim73/tutor/tutor.es" />
        <file path="share/vim/vim73/tutor/tutor.es.utf-8" />
        <file path="share/vim/vim73/tutor/tutor.fr" />
        <file path="share/vim/vim73/tutor/tutor.fr.utf-8" />
        <file path="share/vim/vim73/tutor/tutor.hr" />
        <file path="share/vim/vim73/tutor/tutor.hr.cp1250" />
        <file path="share/vim/vim73/tutor/tutor.hr.utf-8" />
        <file path="share/vim/vim73/tutor/tutor.hu" />
        <file path="share/vim/vim73/tutor/tutor.hu.cp1250" />
        <file path="share/vim/vim73/tutor/tutor.hu.utf-8" />
        <file path="share/vim/vim73/tutor/tutor.it" />
        <file path="share/vim/vim73/tutor/tutor.it.utf-8" />
        <file path="share/vim/vim73/tutor/tutor.ja.euc" />
        <file path="share/vim/vim73/tutor/tutor.ja.sjis" />
        <file path="share/vim/vim73/tutor/tutor.ja.utf-8" />
        <file path="share/vim/vim73/tutor/tutor.ko.euc" />
        <file path="share/vim/vim73/tutor/tutor.ko.utf-8" />
        <file path="share/vim/vim73/tutor/tutor.nb" />
        <file path="share/vim/vim73/tutor/tutor.nb.utf-8" />
        <file path="share/vim/vim73/tutor/tutor.no" />
        <file path="share/vim/vim73/tutor/tutor.no.utf-8" />
        <file path="share/vim/vim73/tutor/tutor.pl" />
        <file path="share/vim/vim73/tutor/tutor.pl.cp1250" />
        <file path="share/vim/vim73/tutor/tutor.pl.utf-8" />
        <file path="share/vim/vim73/tutor/tutor.pt" />
        <file path="share/vim/vim73/tutor/tutor.pt.utf-8" />
        <file path="share/vim/vim73/tutor/tutor.ru" />
        <file path="share/vim/vim73/tutor/tutor.ru.cp1251" />
        <file path="share/vim/vim73/tutor/tutor.ru.utf-8" />
        <file path="share/vim/vim73/tutor/tutor.sk" />
        <file path="share/vim/vim73/tutor/tutor.sk.cp1250" />
        <file path="share/vim/vim73/tutor/tutor.sk.utf-8" />
        <file path="share/vim/vim73/tutor/tutor.sv" />
        <file path="share/vim/vim73/tutor/tutor.sv.utf-8" />
        <file path="share/vim/vim73/tutor/tutor.tr.iso9" />
        <file path="share/vim/vim73/tutor/tutor.tr.utf-8" />
        <file path="share/vim/vim73/tutor/tutor.utf-8" />
        <file path="share/vim/vim73/tutor/tutor.vi.utf-8" />
        <file path="share/vim/vim73/tutor/tutor.vim" />
        <file path="share/vim/vim73/tutor/tutor.zh.big5" />
        <file path="share/vim/vim73/tutor/tutor.zh.euc" />
        <file path="share/vim/vim73/tutor/tutor.zh.utf-8" />
        <file path="share/vim/vim73/vimrc_example.vim" />
    </manifest>
</package>
