<?xml version="1.0" encoding="UTF-8" standalone="yes" ?>
<package id="manifest-0-033-919f-450a03">
    <release tarname="automake-4-1-mingw32-bin.tar.lzma" />
    <references>
        <sysroot id="sysroot-0-002-a7c6-d7dbb5" />
    </references>
    <manifest>
        <dir path="bin" />
        <file path="bin/aclocal" />
        <file path="bin/automake" />
        <dir path="share" />
        <dir path="share/autotools" />
        <file path="share/autotools/am-wrapper.sh" />
        <dir path="share/doc" />
        <dir path="share/doc/MinGW" />
        <file path="share/doc/MinGW/automake-4-1-mingw32.RELEASE_NOTES" />
    </manifest>
</package>
