<?xml version="1.0" encoding="UTF-8" standalone="yes"?>
<software-distribution project="MinGW" home="http://www.mingw.org" issue="2018011800">

  <!-- File: mingw32-runtime.xml ~~ mingw-get package description for MinGW API -->

  <package-collection subsystem="mingw32">
    <download-host uri="http://prdownloads.sourceforge.net/mingw/%F?download" />

    <!-- Provides the package descriptions for each of the two primary    -->
    <!-- packages, which comprise the standard MinGW Runtime Library API, -->
    <!-- namely mingwrt and w32api.                                       -->

    <package name="mingw32-mingwrt" alias="mingwrt mingw-runtime" >
      <affiliate group="MinGW Compiler Suite" />
      <affiliate group="MinGW Standard Libraries" />
      <description lang="en" title="The MinGW Runtime Library API">
        <paragraph>
          This package provides the header files, system object modules,
          dynamic link libraries, import libraries and static libraries
          which constitute the standard MinGW Runtime API.
        </paragraph>
        <paragraph>
          This is a required component of the MinGW Compiler Suite.
        </paragraph>
      </description>

      <source tarname="mingwrt-%-mingw32-src.tar.%" />
      <licence tarname="mingwrt-%-mingw32-lic.tar.%" />

      <component class="dev">
        <requires eq="mingwrt-%-mingw32-dll.tar" />
        <release tarname="mingwrt-5.0.2-mingw32-dev.tar.xz" />
        <release tarname="mingwrt-5.0.1-mingw32-dev.tar.xz" />
        <release tarname="mingwrt-5.0-mingw32-dev.tar.xz" />
        <release tarname="mingwrt-3.22.4-mingw32-dev.tar.xz" />
        <release tarname="mingwrt-3.22.3-mingw32-dev.tar.xz" />
        <release tarname="mingwrt-3.22.2-mingw32-dev.tar.xz" />
        <release tarname="mingwrt-3.22.1-mingw32-dev.tar.xz" />
        <release tarname="mingwrt-3.22-mingw32-dev.tar.xz" />
        <release tarname="mingwrt-3.21.1-mingw32-dev.tar.xz" />
        <release tarname="mingwrt-3.21-mingw32-dev.tar.xz" />
        <release tarname="mingwrt-3.20-2-mingw32-dev.tar.lzma">
          <requires eq="mingwrt-%-mingw32-lic.tar" />
          <requires eq="mingwrt-%-mingw32-man.tar" />
        </release>
        <release tarname="mingwrt-3.20-mingw32-dev.tar.gz">
          <requires eq="mingwrt-%-mingw32-lic.tar" />
          <requires eq="mingwrt-%-mingw32-man.tar" />
        </release>
        <release tarname="mingwrt-3.19-mingw32-dev.tar.gz">
          <requires eq="mingwrt-%-mingw32-lic.tar" />
          <requires eq="mingwrt-%-mingw32-man.tar" />
        </release>
        <release tarname="mingwrt-3.18-mingw32-dev.tar.gz">
          <requires eq="mingwrt-%-mingw32-lic.tar" />
          <requires eq="mingwrt-%-mingw32-man.tar" />
        </release>
      </component>

      <component class="dll">
        <release tarname="mingwrt-5.0.2-mingw32-dll.tar.xz" />
        <release tarname="mingwrt-5.0.1-mingw32-dll.tar.xz" />
        <release tarname="mingwrt-5.0-mingw32-dll.tar.xz" />
        <release tarname="mingwrt-3.22.4-mingw32-dll.tar.xz" />
        <release tarname="mingwrt-3.22.3-mingw32-dll.tar.xz" />
        <release tarname="mingwrt-3.22.2-mingw32-dll.tar.xz" />
        <release tarname="mingwrt-3.22.1-mingw32-dll.tar.xz" />
        <release tarname="mingwrt-3.22-mingw32-dll.tar.xz" />
        <release tarname="mingwrt-3.21.1-mingw32-dll.tar.xz" />
        <release tarname="mingwrt-3.21-mingw32-dll.tar.xz" />
        <release tarname="mingwrt-3.20-2-mingw32-dll.tar.lzma" />
        <release tarname="mingwrt-3.20-mingw32-dll.tar.gz" />
        <release tarname="mingwrt-3.19-mingw32-dll.tar.gz" />
        <release tarname="mingwrt-3.18-mingw32-dll.tar.gz" />
      </component>

      <component class="lic">
        <release tarname="mingwrt-5.0.2-mingw32-lic.tar.xz" />
        <release tarname="mingwrt-5.0.1-mingw32-lic.tar.xz" />
        <release tarname="mingwrt-5.0-mingw32-lic.tar.xz" />
        <release tarname="mingwrt-3.22.4-mingw32-lic.tar.xz" />
        <release tarname="mingwrt-3.22.3-mingw32-lic.tar.xz" />
        <release tarname="mingwrt-3.22.2-mingw32-lic.tar.xz" />
        <release tarname="mingwrt-3.22.1-mingw32-lic.tar.xz" />
        <release tarname="mingwrt-3.22-mingw32-lic.tar.xz" />
        <release tarname="mingwrt-3.21.1-mingw32-lic.tar.xz" />
        <release tarname="mingwrt-3.21-mingw32-lic.tar.xz" />
        <release tarname="mingwrt-3.20-2-mingw32-lic.tar.lzma">
          <requires eq="mingwrt-%-mingw32-dev.tar" />
          <download tarname="none" />
        </release>
        <release tarname="mingwrt-3.20-mingw32-lic.tar.gz">
          <requires eq="mingwrt-%-mingw32-dev.tar" />
          <download tarname="none" />
        </release>
        <release tarname="mingwrt-3.19-mingw32-lic.tar.gz">
          <requires eq="mingwrt-%-mingw32-dev.tar" />
          <download tarname="none" />
        </release>
        <release tarname="mingwrt-3.18-mingw32-lic.tar.gz">
          <requires eq="mingwrt-%-mingw32-dev.tar" />
          <download tarname="none" />
        </release>
      </component>

      <component class="man">
        <release tarname="mingwrt-5.0.2-mingw32-man.tar.xz" />
        <release tarname="mingwrt-5.0.1-mingw32-man.tar.xz" />
        <release tarname="mingwrt-5.0-mingw32-man.tar.xz" />
        <release tarname="mingwrt-3.22.4-mingw32-man.tar.xz" />
        <release tarname="mingwrt-3.22.3-mingw32-man.tar.xz" />
        <release tarname="mingwrt-3.22.2-mingw32-man.tar.xz" />
        <release tarname="mingwrt-3.22.1-mingw32-man.tar.xz" />
        <release tarname="mingwrt-3.22-mingw32-man.tar.xz" />
        <release tarname="mingwrt-3.21.1-mingw32-man.tar.xz" />
        <release tarname="mingwrt-3.21-mingw32-man.tar.xz" />
        <release tarname="mingwrt-3.20-2-mingw32-man.tar.lzma">
          <requires eq="mingwrt-%-mingw32-dev.tar" />
          <download tarname="none" />
        </release>
        <release tarname="mingwrt-3.20-mingw32-man.tar.gz">
          <requires eq="mingwrt-%-mingw32-dev.tar" />
          <download tarname="none" />
        </release>
        <release tarname="mingwrt-3.19-mingw32-man.tar.gz">
          <requires eq="mingwrt-%-mingw32-dev.tar" />
          <download tarname="none" />
        </release>
        <release tarname="mingwrt-3.18-mingw32-man.tar.gz">
          <requires eq="mingwrt-%-mingw32-dev.tar" />
          <download tarname="none" />
        </release>
      </component>
    </package>

    <package name="mingw32-libmingwex" alias="libmingwex" >
      <affiliate group="MinGW Compiler Suite" />
      <affiliate group="MinGW Standard Libraries" />
      <description lang="en" title="The MinGW Runtime Library API">
        <paragraph>
          This package provides an alternative implementation of the
          MinGW libraries, to support dynamic linking of the principal
          non-Microsoft components of the MinGW Runtime API.
        </paragraph>
        <paragraph>
          This is an optional component of the MinGW Compiler Suite.
        </paragraph>
      </description>

      <source tarname="mingwrt-%-mingw32-src.tar.%" />
      <licence tarname="mingwrt-%-mingw32-lic.tar.%" />

      <component class="dev">
        <release tarname="libmingwex-5.0.2-mingw32-dev.tar.xz" />
        <release tarname="libmingwex-5.0.1-mingw32-dev.tar.xz" />
        <release tarname="libmingwex-5.0-mingw32-dev.tar.xz" />
        <requires eq="libmingwex-%-mingw32-dll-0.tar" />
        <requires eq="mingwrt-%-mingw32-dev.tar" />
      </component>

      <component class="dll">
        <release tarname="libmingwex-5.0.2-mingw32-dll-0.tar.xz" />
        <release tarname="libmingwex-5.0.1-mingw32-dll-0.tar.xz" />
        <release tarname="libmingwex-5.0-mingw32-dll-0.tar.xz" />
      </component>
    </package>

    <package name="mingw32-w32api" alias="w32api">
      <affiliate group="MinGW Compiler Suite" />
      <affiliate group="MinGW Standard Libraries" />
      <description lang="en" title="The MinGW API for 32-Bit MS-Windows">
        <paragraph>
          This package provides the header files, and import libraries
          constituting a standard API for the development of applications
          which utilise the capabilities of the 32-bit MS-Windows system
          dynamic link libraries.
        </paragraph>
        <paragraph>
          This is a required component of the MinGW Compiler Suite.
        </paragraph>
      </description>

      <source tarname="w32api-%-mingw32-src.tar.%" />
      <licence tarname="w32api-%-mingw32-dev.tar.%" />

      <component class="dev">
        <release tarname="w32api-5.0.2-mingw32-dev.tar.xz" />
        <release tarname="w32api-5.0.1-mingw32-dev.tar.xz" />
        <release tarname="w32api-5.0-mingw32-dev.tar.xz" />
        <release tarname="w32api-3.18.2-mingw32-dev.tar.xz" />
        <release tarname="w32api-3.18.1-mingw32-dev.tar.xz" />
        <release tarname="w32api-3.18-mingw32-dev.tar.xz" />
        <release tarname="w32api-3.17-2-mingw32-dev.tar.lzma" />
        <release tarname="w32api-3.17-1-mingw32-dev.tar.lzma" />
        <release tarname="w32api-3.16-1-mingw32-dev.tar.lzma" />
        <release tarname="w32api-3.15-1-mingw32-dev.tar.lzma" />
        <release tarname="w32api-3.14-mingw32-dev.tar.gz" />
      </component>
    </package>

  </package-collection>
</software-distribution>
<!-- vim: set nocompatible expandtab fileformat=unix textwidth=80 tabstop=2 shiftwidth=2: -->
